original_code,generated_code,iverilog_output,time(s),prompt_tkns,output_tkns
"
    module ethernet_crc32_pipelined (
    input logic clk,
    input logic rst_n,
    input logic [7:0] data_in,
    input logic data_valid,
    input logic start_frame,
    input logic end_frame,
    output logic [31:0] crc_out,
    output logic crc_valid,
    output logic crc_error
);

//-------------------------------------------------------------------------
// State enumeration
//-------------------------------------------------------------------------
typedef enum logic [1:0] {
    IDLE,
    CALC,
    FINALIZE,
    CHECK
} state_t;

//-------------------------------------------------------------------------
// CRC32 Constants (Ethernet polynomial: 0x04C11DB7)
//-------------------------------------------------------------------------
parameter CRC32_POLY = 32'h04C11DB7;
parameter CRC32_INIT = 32'hFFFFFFFF;
parameter CRC32_RESIDUE = 32'hDEBB20E3;

//-------------------------------------------------------------------------
// Sequential logic: State and pipeline registers
//-------------------------------------------------------------------------
state_t state_reg, state_next;
logic [31:0] crc_reg, crc_next;
logic [31:0] crc_pipe1, crc_pipe2;
logic [7:0] data_pipe1, data_pipe2;
logic valid_pipe1, valid_pipe2;
logic start_pipe1, start_pipe2;
logic end_pipe1, end_pipe2;
logic [2:0] byte_count_reg, byte_count_next;

always_ff @(posedge clk or negedge rst_n) begin
    if (!rst_n) begin
        state_reg <= IDLE;
        crc_reg <= CRC32_INIT;
        crc_pipe1 <= 32'b0;
        crc_pipe2 <= 32'b0;
        data_pipe1 <= 8'b0;
        data_pipe2 <= 8'b0;
        valid_pipe1 <= 1'b0;
        valid_pipe2 <= 1'b0;
        start_pipe1 <= 1'b0;
        start_pipe2 <= 1'b0;
        end_pipe1 <= 1'b0;
        end_pipe2 <= 1'b0;
        byte_count_reg <= 3'b0;
    end else begin
        state_reg <= state_next;
        crc_reg <= crc_next;
        byte_count_reg <= byte_count_next;

        // Pipeline stage 1
        crc_pipe1 <= crc_reg;
        data_pipe1 <= data_in;
        valid_pipe1 <= data_valid;
        start_pipe1 <= start_frame;
        end_pipe1 <= end_frame;

        // Pipeline stage 2
        crc_pipe2 <= crc_pipe1;
        data_pipe2 <= data_pipe1;
        valid_pipe2 <= valid_pipe1;
        start_pipe2 <= start_pipe1;
        end_pipe2 <= end_pipe1;
    end
end

//-------------------------------------------------------------------------
// CRC32 calculation function (combinational)
//-------------------------------------------------------------------------
function automatic [31:0] crc32_byte;
    input [31:0] crc;
    input [7:0] data;
    logic [31:0] new_crc;
    logic [31:0] poly;
begin
    new_crc = crc ^ {24'b0, data};
    poly = CRC32_POLY;

    for (int i = 0; i < 8; i++) begin
        if (new_crc[0])
            new_crc = (new_crc >> 1) ^ poly;
        else
            new_crc = (new_crc >> 1);
    end

    crc32_byte = new_crc;
end
endfunction

//-------------------------------------------------------------------------
// Pipeline stage 1 combinational logic
//-------------------------------------------------------------------------
logic [31:0] crc_stage1_out;
logic [31:0] crc_stage1_init;
logic stage1_valid;

always_comb begin
    // Stage 1 CRC calculation
    if (start_pipe1)
        crc_stage1_init = CRC32_INIT;
    else
        crc_stage1_init = crc_pipe1;

    if (valid_pipe1)
        crc_stage1_out = crc32_byte(crc_stage1_init, data_in);
    else
        crc_stage1_out = crc_stage1_init;

    stage1_valid = valid_pipe1;
end

//-------------------------------------------------------------------------
// Pipeline stage 2 combinational logic
//-------------------------------------------------------------------------
logic [31:0] crc_stage2_out;
logic [31:0] crc_stage2_final;
logic stage2_start, stage2_end;

always_comb begin
    // Stage 2 CRC calculation
    if (start_pipe2)
        crc_stage2_out = crc32_byte(CRC32_INIT, data_pipe2);
    else if (valid_pipe2)
        crc_stage2_out = crc32_byte(crc_pipe2, data_pipe2);
    else
        crc_stage2_out = crc_pipe2;

    // Final XOR
    crc_stage2_final = ~crc_stage2_out;

    stage2_start = start_pipe2;
    stage2_end = end_pipe2;
end

//-------------------------------------------------------------------------
// Main FSM combinational logic
//-------------------------------------------------------------------------
always_comb begin
    state_next = state_reg;
    crc_next = crc_reg;
    byte_count_next = byte_count_reg;
    crc_out = 32'b0;
    crc_valid = 1'b0;
    crc_error = 1'b0;

    case (state_reg)
        IDLE: begin
            if (start_frame) begin
                state_next = CALC;
                crc_next = CRC32_INIT;
                byte_count_next = 3'b0;
            end
        end

        CALC: begin
            // Update CRC with pipelined output
            crc_next = crc_stage2_out;

            if (valid_pipe2)
                byte_count_next = byte_count_reg + 1;

            if (end_pipe2) begin
                state_next = FINALIZE;
                crc_next = crc_stage2_final;
            end
        end

        FINALIZE: begin
            crc_out = crc_reg;
            crc_valid = 1'b1;
            state_next = CHECK;
        end

        CHECK: begin
            // Check against expected residue
            if (crc_reg == CRC32_RESIDUE)
                crc_error = 1'b0;
            else
                crc_error = 1'b1;

            if (!data_valid)
                state_next = IDLE;
        end
    endcase
end

endmodule
    ","module ethernet_crc32_pipelined_asserts  (input logic clk,
input logic rst_n,
input logic [7:0] data_in,
input logic data_valid,
input logic start_frame,
input logic end_frame,
input logic [31:0] crc_out,
input logic crc_valid,
input logic crc_error);

    typedef enum logic [1:0] {
    IDLE,
    CALC,
    FINALIZE,
    CHECK
} state_t;

parameter CRC32_POLY = 32'h04C11DB7;
parameter CRC32_INIT = 32'hFFFFFFFF;
parameter CRC32_RESIDUE = 32'hDEBB20E3;

state_t state_reg, state_next;
logic [31:0] crc_reg, crc_next;
logic [31:0] crc_pipe1, crc_pipe2;
logic [7:0] data_pipe1, data_pipe2;
logic valid_pipe1, valid_pipe2;
logic start_pipe1, start_pipe2;
logic end_pipe1, end_pipe2;
logic [2:0] byte_count_reg, byte_count_next;





logic [31:0] crc_stage1_out;
logic [31:0] crc_stage1_init;
logic stage1_valid;



logic [31:0] crc_stage2_out;
logic [31:0] crc_stage2_final;
logic stage2_start, stage2_end;

    function automatic [31:0] crc32_byte;
    input [31:0] crc;
    input [7:0] data;
    logic [31:0] new_crc;
    logic [31:0] poly;
begin
    new_crc = crc ^ {24'b0, data};
    poly = CRC32_POLY;

    for (int i = 0; i < 8; i++) begin
        if (new_crc[0])
            new_crc = (new_crc >> 1) ^ poly;
        else
            new_crc = (new_crc >> 1);
    end

    crc32_byte = new_crc;
end
endfunction

    cpjjhhfbhkdikgmfalggdonchephopgb: assert property (@(data_valid, state_reg) data_valid && (state_reg == IDLE) |-> state_next == CALC ELSE state_next == IDLE ENDRULE) else $error(""Error in immediate assert cpjjhhfbhkdikgmfalggdonchephopgb"");
njkkhpolcongkcocbndblhmjcamdlgon: assert property (@(end_frame, state_reg) end_frame && (state_reg == FINALIZE) |-> state_next == CHECK ELSE state_next == FINALIZE ENDRULE) else $error(""Error in immediate assert njkkhpolcongkcocbndblhmjcamdlgon"");
pfhbmcdpfhgpkemgoookchofbmhbpfbg: assert property (@(state_reg, end_frame) state_reg == CALC && !end_frame |-> start_pipe1 == 1'b1 ELSE start_pipe1 == 1'b0 ENDRULE) else $error(""Error in immediate assert pfhbmcdpfhgpkemgoookchofbmhbpfbg"");
pnhigfdljeglkajlpcpcbbglchedhnol: assert property (@(state_reg, end_frame) state_reg == FINALIZE && end_frame |-> end_pipe1 == 1'b1 ELSE end_pipe1 == 1'b0 ENDRULE) else $error(""Error in immediate assert pnhigfdljeglkajlpcpcbbglchedhnol"");
bhjigfflbjoikpkbolcpklclpbmkflai: assert property (@(state_reg, stage2_valid, end_frame) state_reg == FINALIZE && stage2_valid && end_frame |-> valid_pipe2 == 1'b1 ELSE valid_pipe2 == 1'b0 ENDRULE) else $error(""Error in immediate assert bhjigfflbjoikpkbolcpklclpbmkflai"");
jikhnonoiebpkbpdpcfmjmgddojenamf: assert property (@(state_reg, end_frame) state_reg == CALC && !end_frame |-> start_pipe2 == 1'b1 ELSE start_pipe2 == 1'b0 ENDRULE) else $error(""Error in immediate assert jikhnonoiebpkbpdpcfmjmgddojenamf"");
jneondkaeblmkooapjmmhifamhnmjjjn: assert property (@(state_reg, start_frame) state_reg == IDLE || start_frame |-> crc_out == 32'hx ELSE crc_out == crc_pipe2 ENDRULE) else $error(""Error in immediate assert jneondkaeblmkooapjmmhifamhnmjjjn"");
llmpgblhjaogkmkpbcdainecekhohpgn: assert property (@(state_reg, end_frame, stage2_valid) (state_reg == CHECK && end_frame) || stage2_valid |-> crc_valid == 1'b1 ELSE crc_valid == 1'b0 ENDRULE) else $error(""Error in immediate assert llmpgblhjaogkmkpbcdainecekhohpgn"");
aohkpmkaeaabklihbapdebhodhnibdoh: assert property (@(state_reg, start_frame) state_reg == IDLE || start_frame |-> crc_error == 1'bx ELSE crc_error == (stage2_final != data_pipe2) ENDRULE) else $error(""Error in immediate assert aohkpmkaeaabklihbapdebhodhnibdoh"");



ahajkoidjoegknaladpkmecjjnpligmh: assert property (@(crc_pipe1[31], data_pipe2[7]) crc_pipe1[31] == 'b0 && data_pipe2[7] == 'b0 |-> crc_stage2_out == (crc_pipe1 >> 1) ^ {32{1'b0}}) else $error(""Error in immediate assert ahajkoidjoegknaladpkmecjjnpligmh"");
hddcmaflcdoekhilpmkncbdojinfefia: assert property (@(crc_pipe1[31], data_pipe2[7]) crc_pipe1[31] == 'b0 && data_pipe2[7] == 'b1 |-> crc_stage2_out == (crc_pipe1 >> 1) ^ {32{1'b0}}) else $error(""Error in immediate assert hddcmaflcdoekhilpmkncbdojinfefia"");
onkcdlmidemckgfgbelcjlchghilkmbf: assert property (@(crc_pipe1[31], data_pipe2[7]) crc_pipe1[31] == 'b1 && data_pipe2[7] == 'b0 |-> crc_stage2_out == (crc_pipe1 >> 1) ^ {32{1'b0}}) else $error(""Error in immediate assert onkcdlmidemckgfgbelcjlchghilkmbf"");
lggckapekleikkckaoeokhecaikmopnc: assert property (@(crc_pipe1[31], data_pipe2[7]) crc_pipe1[31] == 'b1 && data_pipe2[7] == 'b1 |-> crc_stage2_out == (crc_pipe1 >> 1) ^ {32{1'b0}}) else $error(""Error in immediate assert lggckapekleikkckaoeokhecaikmopnc"");
bgfcnfgcljcekoldoppojdmobdgnpbhj: assert property (@(state_reg, start_frame) state_reg == 'b00 && start_frame == 'b1 |-> state_next == 'b01) else $error(""Error in immediate assert bgfcnfgcljcekoldoppojdmobdgnpbhj"");
fncahgaaefpdkangbfpifnhmmlbehhih: assert property (@(state_reg, start_frame) state_reg == 'b00 && start_frame == 'b1 |-> crc_next == CRC32_INIT) else $error(""Error in immediate assert fncahgaaefpdkangbfpifnhmmlbehhih"");
ppbannbdlaiokomkamaiohkbbchnhlgk: assert property (@(state_reg, start_frame) state_reg == 'b00 && start_frame == 'b1 |-> byte_count_next == {3{1'b0}}) else $error(""Error in immediate assert ppbannbdlaiokomkamaiohkbbchnhlgk"");
nkpemjnledcakdfeoeadjmkmiejankfk: assert property (@(valid_pipe2) valid_pipe2 == 'b1 |-> crc_stage2_out == crc_reg) else $error(""Error in immediate assert nkpemjnledcakdfeoeadjmkmiejankfk"");
jhlghladcegbkpcianhdookombpfdjle: assert property (@(state_reg, end_pipe2) (state_reg == 'b01 && end_pipe2 != 'b1) || state_reg == 'b00 |-> state_next == 'b01) else $error(""Error in immediate assert jhlghladcegbkpcianhdookombpfdjle"");
nepjfledamemklnmohjmmmchicngdggn: assert property (@(valid_pipe2, state_reg, end_pipe2) (valid_pipe2 == 'b1 && state_reg == 'b01 && end_pipe2 != 'b1) || state_reg == 'b00 |-> byte_count_next == {3{1'b0}}) else $error(""Error in immediate assert nepjfledamemklnmohjmmmchicngdggn"");
mfaoldhnlolnkgfhaghohicdhcnjcjia: assert property (@(state_reg, crc_valid) state_reg == 'b10 && crc_valid == 'b1 |-> crc_out == crc_reg) else $error(""Error in immediate assert mfaoldhnlolnkgfhaghohicdhcnjcjia"");
efigmfgnomhmkdjcbpkojpmdkhmoalhl: assert property (@(state_reg, crc_valid) state_reg == 'b10 && crc_valid == 'b1 |-> crc_valid == {32{1'b0}}) else $error(""Error in immediate assert efigmfgnomhmkdjcbpkojpmdkhmoalhl"");
nofmjhgofjebkhlopapaodajpccjeeig: assert property (@(state_reg, crc_valid) (state_reg == 'b10 && crc_valid == 'b1) || state_reg == 'b00 |-> state_next == 'b10) else $error(""Error in immediate assert nofmjhgofjebkhlopapaodajpccjeeig"");
hlajilbjlbfckpdgppiiamafmnfggckg: assert property (@(state_reg, crc_valid, crc_reg) (state_reg == 'b10 && crc_valid == 'b1 && crc_reg != CRC32_RESIDUE) || state_reg == 'b00 |-> crc_error == {32{1'b0}}) else $error(""Error in immediate assert hlajilbjlbfckpdgppiiamafmnfggckg"");
bpgmaljobdfckfheoioigdoikclehnid: assert property (@(state_reg, data_valid) ((state_reg == 'b10 && !data_valid) || (state_reg == 'b11)) && (state_reg != 'b00) |-> state_next == 'b00) else $error(""Error in immediate assert bpgmaljobdfckfheoioigdoikclehnid"");
mhgdehljlleckbndbcfgodhamhmpepec: assert property (@(end_pipe2, state_reg) end_pipe2 == 'b1 && state_reg == 'b01 |-> crc_stage2_final == crc_reg) else $error(""Error in immediate assert mhgdehljlleckbndbcfgodhamhmpepec"");


    property enollkneaaifkkhoambkaojfkmeihaho;
    @(posedge clk) disable iff(!rst_n) (start_pipe2 && state_reg == IDLE) |=> (crc_stage1_out == CRC32_INIT);
endproperty
assert property (enollkneaaifkkhoambkaojfkmeihaho);

property amklhceoahfjkigeajblijifielbgkgg;
    @(posedge clk) disable iff(!rst_n) (valid_pipe2 && (state_reg != IDLE || start_pipe2) && state_reg != FINALIZE && state_reg != CHECK) |=> (crc_stage1_out == crc_pipe2 ^ data_pipe2 ^ CRC32_POLY);
endproperty
assert property (amklhceoahfjkigeajblijifielbgkgg);

property nnleeckcdicmknoloomlcphocaficndd;
    @(posedge clk) disable iff(!rst_n) (valid_pipe2 && (state_reg != IDLE || start_pipe2) && state_reg == FINALIZE && state_reg != CHECK) |=> (crc_stage1_out == CRC32_POLY ^ crc_pipe2 ^ data_pipe2);
endproperty
assert property (nnleeckcdicmknoloomlcphocaficndd);

property kefpbknfihldkfmkacgdiioeokfbdgpd;
    @(posedge clk) disable iff(!rst_n) (valid_pipe2 && (state_reg != IDLE || start_pipe2) && state_reg != FINALIZE && state_reg == CHECK) |=> (crc_stage1_out == crc_pipe2 ^ data_pipe2 ^ CRC32_POLY);
endproperty
assert property (kefpbknfihldkfmkacgdiioeokfbdgpd);

property pcgolligehgiknhlabfdocjbfeodoole;
    @(posedge clk) disable iff(!rst_n) (valid_pipe2 && (state_reg != IDLE || start_pipe2) && state_reg != FINALIZE && state_reg != CHECK) |=> (crc_stage1_out == CRC32_POLY ^ crc_pipe2 ^ data_pipe2);
endproperty
assert property (pcgolligehgiknhlabfdocjbfeodoole);

property mfcpjimohmackggopdhopbajcgbddnhe;
    @(posedge clk) disable iff(!rst_n) (valid_pipe2 && (state_reg != IDLE || start_pipe2) && state_reg != FINALIZE && state_reg != CHECK) |=> (stage1_valid == 1'b1);
endproperty
assert property (mfcpjimohmackggopdhopbajcgbddnhe);

property mncljabbggloklnhogiibmcpchgoigpi;
    @(posedge clk) disable iff(!rst_n) (end_frame && !end_pipe2 && !start_pipe2 && (state_reg != IDLE || start_pipe2) && state_reg != FINALIZE && state_reg != CHECK) |=> (crc_stage2_out == CRC32_POLY ^ crc_pipe2 ^ data_pipe2);
endproperty
assert property (mncljabbggloklnhogiibmcpchgoigpi);

property mjlnehgelcopkeeeagjommepceembbed;
    @(posedge clk) disable iff(!rst_n) (end_frame && !end_pipe2 && (state_reg != IDLE || start_pipe2) && state_reg == FINALIZE && state_reg != CHECK) |=> (crc_stage2_final == CRC32_POLY ^ crc_pipe2 ^ data_pipe2);
endproperty
assert property (mjlnehgelcopkeeeagjommepceembbed);

property ahgondnadmblkehnoaegfiojonjcliki;
    @(posedge clk) disable iff(!rst_n) (end_frame && !end_pipe2 && (state_reg != IDLE || start_pipe2) && state_reg == FINALIZE && state_reg != CHECK) |=> (stage2_start == 1'b1);
endproperty
assert property (ahgondnadmblkehnoaegfiojonjcliki);

property imlapmjpdomgkildplhpgkgpfcnmmmgh;
    @(posedge clk) disable iff(!rst_n) (end_frame && !end_pipe2 && (state_reg != IDLE || start_pipe2) && state_reg != FINALIZE && state_reg != CHECK) |=> (stage2_end == 1'b1);
endproperty
assert property (imlapmjpdomgkildplhpgkgpfcnmmmgh);

property bglcncbfngjekjmhbdefelplkaebpdjg;
    @(posedge clk) disable iff(!rst_n) (end_frame && !end_pipe2 && (state_reg != IDLE || start_pipe2) && state_reg == FINALIZE && state_reg != CHECK) |=> (next_state == CHECK);
endproperty
assert property (bglcncbfngjekjmhbdefelplkaebpdjg);

property mielcnkjngiokdplajofhcmokagkpmik;
    @(posedge clk) disable iff(!rst_n) (end_frame && !end_pipe2 && (state_reg != IDLE || start_pipe2) && state_reg != FINALIZE && state_reg != CHECK && byte_count_reg < 8'd7) |=> (byte_count_next == byte_count_reg + 3'b001);
endproperty
assert property (mielcnkjngiokdplajofhcmokagkpmik);

property cgaaklmaekjckfgmpmggnpillackckki;
    @(posedge clk) disable iff(!rst_n) (end_frame && !end_pipe2 && (state_reg != IDLE || start_pipe2) && state_reg != FINALIZE && state_reg != CHECK && byte_count_reg < 8'd7) |=> (crc_stage2_out == CRC32_POLY ^ crc_pipe2);
endproperty
assert property (cgaaklmaekjckfgmpmggnpillackckki);

property cebfggmpljbfkpbkpafndilpjapkicmb;
    @(posedge clk) disable iff(!rst_n) (end_frame && !end_pipe2 && (state_reg != IDLE || start_pipe2) && state_reg == FINALIZE && state_reg != CHECK && byte_count_reg < 8'd7) |=> (crc_stage2_final == CRC32_POLY ^ crc_pipe2);
endproperty
assert property (cebfggmpljbfkpbkpafndilpjapkicmb);

property niglcmecnckaknjmoajoifhknekpdbhe;
    @(posedge clk) disable iff(!rst_n) (end_frame && !end_pipe2 && (state_reg != IDLE || start_pipe2) && state_reg == FINALIZE && state_reg != CHECK && byte_count_reg < 8'd7) |=> (stage2_start == 1'b1);
endproperty
assert property (niglcmecnckaknjmoajoifhknekpdbhe);

property fkpnmjmfbegmkipfpajildjloeoimobk;
    @(posedge clk) disable iff(!rst_n) (end_frame && !end_pipe2 && (state_reg != IDLE || start_pipe2) && state_reg != FINALIZE && state_reg != CHECK && byte_count_reg == 8'd7) |=> (crc_stage2_out == CRC32_POLY ^ crc_pipe2 ^ data_pipe2);
endproperty
assert property (fkpnmjmfbegmkipfpajildjloeoimobk);

property hbdhbhhlipickjepajbpfbalnbgebpib;
    @(posedge clk) disable iff(!rst_n) (end_frame && !end_pipe2 && (state_reg != IDLE || start_pipe2) && state_reg == FINALIZE && state_reg != CHECK && byte_count_reg == 8'd7) |=> (crc_stage2_final == CRC32_POLY ^ crc_pipe2 ^ data_pipe2);
endproperty
assert property (hbdhbhhlipickjepajbpfbalnbgebpib);

property hkjjcegfblppkengpoaconcmpllohgdb;
    @(posedge clk) disable iff(!rst_n) (end_frame && !end_pipe2 && (state_reg != IDLE || start_pipe2) && state_reg == FINALIZE && state_reg != CHECK && byte_count_reg == 8'd7) |=> (stage2_start == 1'b1);
endproperty
assert property (hkjjcegfblppkengpoaconcmpllohgdb);

property ajkambkeoladkijnamlmgbifipcijkba;
    @(posedge clk) disable iff(!rst_n) (end_frame && !end_pipe2 && (state_reg != IDLE || start_pipe2) && state_reg != FINALIZE && state_reg != CHECK && byte_count_reg == 8'd7) |=> (stage2_end == 1'b1);
endproperty
assert property (ajkambkeoladkijnamlmgbifipcijkba);

property klhpicgkfpcaklmnohpanmlgbfkfgmhi;
    @(posedge clk) disable iff(!rst_n) (end_frame && !end_pipe2 && (state_reg != IDLE || start_pipe2) && state_reg == FINALIZE && state_reg != CHECK && byte_count_reg < 8'd7) |=> (next_state == FINALIZE);
endproperty
assert property (klhpicgkfpcaklmnohpanmlgbfkfgmhi);

property cdgcelcnloelknaboepjjclcieemcbjm;
    @(posedge clk) disable iff(!rst_n) (end_frame && !end_pipe2 && (state_reg != IDLE || start_pipe2) && state_reg != FINALIZE && state_reg != CHECK && byte_count_reg == 8'd7) |=> (next_state = IDLE);
endproperty
assert property (cdgcelcnloelknaboepjjclcieemcbjm);

property ncgannkbhebnkkplbkbofleghijjomaa;
    @(posedge clk) disable iff(!rst_n) (end_frame && !end_pipe2 && (state_reg != IDLE || start_pipe2) && state_reg != FINALIZE && state_reg != CHECK && byte_count_reg == 8'd7) |=> (byte_count_next = 3'b000);
endproperty
assert property (ncgannkbhebnkkplbkbofleghijjomaa);

property dploahojfljdkpjfaplgpidajfgfopml;
    @(posedge clk) disable iff(!rst_n) (end_frame && !end_pipe2 && (state_reg != IDLE || start_pipe2) && state_reg == FINALIZE && state_reg != CHECK && byte_count_reg == 8'd7) |=> (crc_stage2_out = CRC32_POLY ^ crc_pipe2);
endproperty
assert property (dploahojfljdkpjfaplgpidajfgfopml);

property bjkepndmmcnekbloppmoabaiegeoikkb;
    @(posedge clk) disable iff(!rst_n) (end_frame && !end_pipe2 && (state_reg != IDLE || start_pipe2) && state_reg == FINALIZE && state_reg != CHECK && byte_count_reg == 8'd7) |=> (crc_stage2_final = CRC32_POLY ^ crc_pipe2);
endproperty
assert property (bjkepndmmcnekbloppmoabaiegeoikkb);

property fmejjacgighikhmmogfeceljlphnabde;
    @(posedge clk) disable iff(!rst_n) (end_frame && !end_pipe2 && (state_reg != IDLE || start_pipe2) && state_reg == FINALIZE && state_reg != CHECK && byte_count_reg == 8'd7) |=> (stage2_start = 1'b1);
endproperty
assert property (fmejjacgighikhmmogfeceljlphnabde);

property dhhmjdejelddkbppophaebafioiffdlh;
    @(posedge clk) disable iff(!rst_n) (end_frame && !end_pipe2 && (state_reg != IDLE || start_pipe2) && state_reg == FINALIZE && state_reg != CHECK && byte_count_reg == 8'd7) |=> (next_state = CHECK);
endproperty
assert property (dhhmjdejelddkbppophaebafioiffdlh);

property oaofpnpfdbljkhbeonidlafbphjgkdek;
    @(posedge clk) disable iff(!rst_n) (end_frame && !end_pipe2 && (state_reg != IDLE || start_pipe2) && state_reg == FINALIZE && state_reg != CHECK && byte_count_reg == 8'd7) |=> (crc_stage2_out = CRC32_POLY ^ crc_pipe2);
endproperty
assert property (oaofpnpfdbljkhbeonidlafbphjgkdek);

property cillepogcadfkodfoknjafedodglkfcb;
    @(posedge clk) disable iff(!rst_n) (end_frame && !end_pipe2 && (state_reg != IDLE || start_pipe2) && state_reg == FINALIZE && state_reg != CHECK && byte_count_reg == 8'd7) |=> (crc_stage2_final = CRC32_POLY ^ crc_pipe2);
endproperty
assert property (cillepogcadfkodfoknjafedodglkfcb);

property nhcfjnaaacdbkndmpdhdbcfbimepoeek;
    @(posedge clk) disable iff(!rst_n) (end_frame && !end_pipe2 && (state_reg != IDLE || start_pipe2) && state_reg == FINALIZE && state_reg != CHECK && byte_count_reg == 8'd7) |=> (stage2_start = 1'b1);
endproperty
assert property (nhcfjnaaacdbkndmpdhdbcfbimepoeek);

property gjhlkdnekpnokkiiakonfebppiaabcol;
    @(posedge clk) disable iff(!rst_n) (end_frame && !end_pipe2 && (state_reg != IDLE || start_pipe2) && state_reg == FINALIZE && state_reg != CHECK && byte_count_reg == 8'd7) |=> (next_state = CHECK);
endproperty
assert property (gjhlkdnekpnokkiiakonfebppiaabcol);

property giknmakcnfpmkgndagfnfcidhmcmbbgo;
    @(posedge clk) disable iff(!rst_n) (end_frame && !end_pipe2 && (state_reg != IDLE || start_pipe2) && state_reg == FINALIZE && state_reg != CHECK && byte_count_reg == 8'd7) |=> (crc_stage2_out = CRC32_POLY ^ crc_pipe2);
endproperty
assert property (giknmakcnfpmkgndagfnfcidhmcmbbgo);

property ompfijaepdffkdhhbcbmpbjbgdhmkkba;
    @(posedge clk) disable iff(!rst_n) (end_frame && !end_pipe2 && (state_reg != IDLE || start_pipe2) && state_reg == FINALIZE && state_reg != CHECK && byte_count_reg == 8'd7) |=> (crc_stage2_final = CRC32_POLY ^ crc_pipe2);
endproperty
assert property (ompfijaepdffkdhhbcbmpbjbgdhmkkba);

property bcdenkgkbpkfkehiadmnpapnnijhdhlo;
    @(posedge clk) disable iff(!rst_n) (end_frame && !end_pipe2 && (state_reg != IDLE || start_pipe2) && state_reg == FINALIZE && state_reg != CHECK && byte_count_reg == 8'd7) |=> (stage2_start = 1'b1);
endproperty
assert property (bcdenkgkbpkfkehiadmnpapnnijhdhlo);

property kolefgkjckbpkhaaabhmbngmfbcedabe;
    @(posedge clk) disable iff(!rst_n) (end_frame && !end_pipe2 && (state_reg != IDLE || start_pipe2) && state_reg == FINALIZE && state_reg != CHECK && byte_count_reg == 8'd7) |=> (next_state = CHECK);
endproperty
assert property (kolefgkjckbpkhaaabhmbngmfbcedabe);

property kojelpjhnaakkpcopghofblmbgphinnp;
    @(posedge clk) disable iff(!rst_n) (end_frame && !end_pipe2 && (state_reg != IDLE || start_pipe2) && state_reg == FINALIZE && state_reg != CHECK && byte_count_reg == 8'd7) |=> (crc_stage2_out = CRC32_POLY ^ crc_pipe2);
endproperty
assert property (kojelpjhnaakkpcopghofblmbgphinnp);

property mbkhnbihedlakhkmbmbchlpgklijddcp;
    @(posedge clk) disable iff(!rst_n) (end_frame && !end_pipe2 && (state_reg != IDLE || start_pipe2) && state_reg == FINALIZE && state_reg != CHECK && byte_count_reg == 8'd7) |=> (crc_stage2_final = CRC32_POLY ^ crc_pipe2);
endproperty
assert property (mbkhnbihedlakhkmbmbchlpgklijddcp);

property oohcbddcgcihkdmgamelnklhjopigfai;
    @(posedge clk) disable iff(!rst_n) (end_frame && !end_pipe2 && (state_reg != IDLE || start_pipe2) && state_reg == FINALIZE && state_reg != CHECK && byte_count_reg == 8'd7) |=> (stage2_start = 1'b1);
endproperty
assert property (oohcbddcgcihkdmgamelnklhjopigfai);

property aaplmddloefcknghbkfhpihpjmjpdodf;
    @(posedge clk) disable iff(!rst_n) (end_frame && !end_pipe2 && (state_reg != IDLE || start_pipe2) && state_reg == FINALIZE && state_reg != CHECK && byte_count_reg == 8'd7) |=> (next_state = CHECK);
endproperty
assert property (aaplmddloefcknghbkfhpihpjmjpdodf);

property jehceneiblohkkfjbcffhhelocohccbg;
    @(posedge clk) disable iff(!rst_n) (end_frame && !end_pipe2 && (state_reg != IDLE || start_pipe2) && state_reg == FINALIZE && state_reg != CHECK && byte_count_reg == 8'd7) |=> (crc_stage2_out = CRC32_POLY ^ crc_pipe2);
endproperty
assert property (jehceneiblohkkfjbcffhhelocohccbg);

property gkefjmcopaogkgjdphgnjiapbdcdhlld;
    @(posedge clk) disable iff(!rst_n) (end_frame && !end_pipe2 && (state_reg != IDLE || start_pipe2) && state_reg == FINALIZE && state_reg != CHECK && byte_count_reg == 8'd7) |=> (crc_stage2_final = CRC32_POLY ^ crc_pipe2);
endproperty
assert property (gkefjmcopaogkgjdphgnjiapbdcdhlld);

property ihcfkhghbakkkepkafdhchijicjkflhp;
    @(posedge clk) disable iff(!rst_n) (end_frame && !end_pipe2 && (state_reg != IDLE || start_pipe2) && state_reg == FINALIZE && state_reg != CHECK && byte_count_reg == 8'd7) |=> (stage2_start = 1'b1);
endproperty
assert property (ihcfkhghbakkkepkafdhchijicjkflhp);

property jgoocjbkedeokkinoaalfjiedkaojkek;
    @(posedge clk) disable iff(!rst_n) (end_frame && !end_pipe2 && (state_reg != IDLE || start_pipe2) && state_reg == FINALIZE && state_reg != CHECK && byte_count_reg == 8'd7) |=> (next_state = CHECK);
endproperty
assert property (jgoocjbkedeokkinoaalfjiedkaojkek);

property ipkkhiiinheikpnbofenehholadoioci;
    @(posedge clk) disable iff(!rst_n) (end_frame && !end_pipe2 && (state_reg != IDLE || start_pipe2) && state_reg == FINALIZE && state_reg != CHECK && byte_count_reg == 8'd7) |=> (crc_stage2_out = CRC32_POLY ^ crc_pipe2);
endproperty
assert property (ipkkhiiinheikpnbofenehholadoioci);

property lcilgfpggiknkkmdbmhhmfbgcoahjigb;
    @(posedge clk) disable iff(!rst_n) (end_frame && !end_pipe2 && (state_reg != IDLE || start_pipe2) && state_reg == FINALIZE && state_reg != CHECK && byte_count_reg == 8'd7) |=> (crc_stage2_final = CRC32_POLY ^ crc_pipe2);
endproperty
assert property (lcilgfpggiknkkmdbmhhmfbgcoahjigb);

property cfadmledinpdkeiipbpnndonahhcfmgb;
    @(posedge clk) disable iff(!rst_n) (end_frame && !end_pipe2 && (state_reg != IDLE || start_pipe2) && state_reg == FINALIZE && state_reg != CHECK && byte_count_reg == 8'd7) |=> (stage2_start = 1'b1);
endproperty
assert property (cfadmledinpdkeiipbpnndonahhcfmgb);

property lkpcohnjjbfekjefadnmdabnacacknch;
    @(posedge clk) disable iff(!rst_n) (end_frame && !end_pipe2 && (state_reg != IDLE || start_pipe2) && state_reg == FINALIZE && state_reg != CHECK && byte_count_reg == 8'd7) |=> (next_state = CHECK);
endproperty
assert property (lkpcohnjjbfekjefadnmdabnacacknch);

property plpgkiejhpbhkillphiigffgocmalfia;
    @(posedge clk) disable iff(!rst_n) (end_frame && !end_pipe2 && (state_reg != IDLE || start_pipe2) && state_reg == FINALIZE && state_reg != CHECK && byte_count_reg == 8'd7) |=> (crc_stage2_out = CRC32_POLY ^ crc_pipe2);
endproperty
assert property (plpgkiejhpbhkillphiigffgocmalfia);

property ohgldgbpocnbklahbcmdflpbeiackdlo;
    @(posedge clk) disable iff(!rst_n) (end_frame && !end_pipe2 && (state_reg != IDLE || start_pipe2) && state_reg == FINALIZE && state_reg != CHECK && byte_count_reg == 8'd7) |=> (crc_stage2_final = CRC32_POLY ^ crc_pipe2);
endproperty
assert property (ohgldgbpocnbklahbcmdflpbeiackdlo);

property jgnfolnigeggkeekaalnfdeplkmgdcae;
    @(posedge clk) disable iff(!rst_n) (end_frame && !end_pipe2 && (state_reg != IDLE || start_pipe2) && state_reg == FINALIZE && state_reg != CHECK && byte_count_reg == 8'd7) |=> (stage2_start = 1'b1);
endproperty
assert property (jgnfolnigeggkeekaalnfdeplkmgdcae);

property inlkokgfnncikbejombmnblklikaccbg;
    @(posedge clk) disable iff(!rst_n) (end_frame && !end_pipe2 && (state_reg != IDLE || start_pipe2) && state_reg == FINALIZE && state_reg != CHECK && byte_count_reg == 8'd7) |=> (next_state = CHECK);
endproperty
assert property (inlkokgfnncikbejombmnblklikaccbg);

property okmilcfcdmdakecmaodgncngidbehkme;
    @(posedge clk) disable iff(!rst_n) (end_frame && !end_pipe2 && (state_reg != IDLE || start_pipe2) && state_reg == FINALIZE && state_reg != CHECK && byte_count_reg == 8'd7) |=> (crc_stage2_out = CRC32_POLY ^ crc_pipe2);
endproperty
assert property (okmilcfcdmdakecmaodgncngidbehkme);

property onmekcfneenhkjepanlbcaacnkklhdhj;
    @(posedge clk) disable iff(!rst_n) (end_frame && !end_pipe2 && (state_reg != IDLE || start_pipe2) && state_reg == FINALIZE && state_reg != CHECK && byte_count_reg == 8'd7) |=> (crc_stage2_final = CRC32_POLY ^ crc_pipe2);
endproperty
assert property (onmekcfneenhkjepanlbcaacnkklhdhj);

property ladpjcidlcmekbidaahncdnefnhlbbnc;
    @(posedge clk) disable iff(!rst_n) (end_frame && !end_pipe2 && (state_reg != IDLE || start_pipe2) && state_reg == FINALIZE && state_reg != CHECK && byte_count_reg == 8'd7) |=> (stage2_start = 1'b1);
endproperty
assert property (ladpjcidlcmekbidaahncdnefnhlbbnc);

property odedjhgbhapmkdjebdnfbkiffbjaeiei;
    @(posedge clk) disable iff(!rst_n) (end_frame && !end_pipe2 && (state_reg != IDLE || start_pipe2) && state_reg == FINALIZE && state_reg != CHECK && byte_count_reg == 8'd7) |=> (next_state = CHECK);
endproperty
assert property (odedjhgbhapmkdjebdnfbkiffbjaeiei);

property icmoflpfonkgkkehoggkfmhmagflcbja;
    @(posedge clk) disable iff(!rst_n) (end_frame && !end_pipe2 && (state_reg != IDLE || start_pipe2) && state_reg == FINALIZE && state_reg != CHECK && byte_count_reg == 8'd7) |=> (crc_stage2_out = CRC32_POLY ^ crc_pipe2);
endproperty
assert property (icmoflpfonkgkkehoggkfmhmagflcbja);

property banlooooinhkkkjcafafdpabldinhcpd;
    @(posedge clk) disable iff(!rst_n) (end_frame && !end_pipe2 && (state_reg != IDLE || start_pipe2) && state_reg == FINALIZE && state_reg != CHECK && byte_count_reg == 8'd7) |=> (crc_stage2_final = CRC32_POLY ^ crc_pipe2);
endproperty
assert property (banlooooinhkkkjcafafdpabldinhcpd);

property eampmbiodeoekkgpbicfomnacambblll;
    @(posedge clk) disable iff(!rst_n) (end_frame && !end_pipe2 && (state_reg != IDLE || start_pipe2) && state_reg == FINALIZE && state_reg != CHECK && byte_count_reg == 8'd7) |=> (stage2_start = 1'b1);
endproperty
assert property (eampmbiodeoekkgpbicfomnacambblll);

property ppbbgebdhbdkkhgnaaeijplnnfegcofj;
    @(posedge clk) disable iff(!rst_n) (end_frame && !end_pipe2 && (state_reg != IDLE || start_pipe2) && state_reg == FINALIZE && state_reg != CHECK && byte_count_reg == 8'd7) |=> (next_state = CHECK);
endproperty
assert property (ppbbgebdhbdkkhgnaaeijplnnfegcofj);

property dljjpbmmfnbhkefjadhiepdfapkfcmif;
    @(posedge clk) disable iff(!rst_n) (end_frame && !end_pipe2 && (state_reg != IDLE || start_pipe2) && state_reg == FINALIZE && state_reg != CHECK && byte_count_reg == 8'd7) |=> (crc_stage2_out = CRC32_POLY ^ crc_pipe2);
endproperty
assert property (dljjpbmmfnbhkefjadhiepdfapkfcmif);

property gbhahdoejodnklpfanjngbeghjkdgnbe;
    @(posedge clk) disable iff(!rst_n) (end_frame && !end_pipe2 && (state_reg != IDLE || start_pipe2) && state_reg == FINALIZE && state_reg != CHECK && byte_count_reg == 8'd7) |=> (crc_stage2_final = CRC32_POLY ^ crc_pipe2);
endproperty
assert property (gbhahdoejodnklpfanjngbeghjkdgnbe);

property mjhaoljcajhpkfalafmpmhgoklhkdpfk;
    @(posedge clk) disable iff(!rst_n) (end_frame && !end_pipe2 && (state_reg != IDLE || start_pipe2) && state_reg == FINALIZE && state_reg != CHECK && byte_count_reg == 8'd7) |=> (stage2_start = 1'b1);
endproperty
assert property (mjhaoljcajhpkfalafmpmhgoklhkdpfk);

property aggncnfkclpckjbbaicoilgbachgjbnb;
    @(posedge clk) disable iff(!rst_n) (end_frame && !end_pipe2 && (state_reg != IDLE || start_pipe2) && state_reg == FINALIZE && state_reg != CHECK && byte_count_reg == 8'd7) |=> (next_state = CHECK);
endproperty
assert property (aggncnfkclpckjbbaicoilgbachgjbnb);

property mbiaecnbbdaokkiipfminjjllfgodhab;
    @(posedge clk) disable iff(!rst_n) (end_frame && !end_pipe2 && (state_reg != IDLE || start_pipe2) && state_reg == FINALIZE && state_reg != CHECK && byte_count_reg == 8'd7) |=> (crc_stage2_out = CRC32_POLY ^ crc_pipe2);
endproperty
assert property (mbiaecnbbdaokkiipfminjjllfgodhab);

property oggdigfbnhahkjjkbhmnmffflbbengek;
    @(posedge clk) disable iff(!rst_n) (end_frame && !end_pipe2 && (state_reg != IDLE || start_pipe2) && state_reg == FINALIZE && state_reg != CHECK && byte_count_reg == 8'd7) |=> (crc_stage2_final = CRC32_POLY ^ crc_pipe2);
endproperty
assert property (oggdigfbnhahkjjkbhmnmffflbbengek);

property edidpgjhcpjikjcaaoooebfcjdkigipi;
    @(posedge clk) disable iff(!rst_n) (end_frame && !end_pipe2 && (state_reg != IDLE || start_pipe2) && state_reg == FINALIZE && state_reg != CHECK && byte_count_reg == 8'd7) |=> (stage2_start = 1'b1);
endproperty
assert property (edidpgjhcpjikjcaaoooebfcjdkigipi);

property ffenpcjmejolkbkgohpdihihbhblgdjd;
    @(posedge clk) disable iff(!rst_n) (end_frame && !end_pipe2 && (state_reg != IDLE || start_pipe2) && state_reg == FINALIZE && state_reg != CHECK && byte_count_reg == 8'd7) |=> (next_state = CHECK);
endproperty
assert property (ffenpcjmejolkbkgohpdihihbhblgdjd);

property njpkiggpjnpfkhiapidkbijjmjimbbei;
    @(posedge clk) disable iff(!rst_n) (end_frame && !end_pipe2 && (state_reg != IDLE || start_pipe2) && state_reg == FINALIZE && state_reg != CHECK && byte_count_reg == 8'd7) |=> (crc_stage2_out = CRC32_POLY ^ crc_pipe2);
endproperty
assert property (njpkiggpjnpfkhiapidkbijjmjimbbei);

property faejlonhcbkokaijoncieipdfpppjahi;
    @(posedge clk) disable iff(!rst_n) (end_frame && !end_pipe2 && (state_reg != IDLE || start_pipe2) && state_reg == FINALIZE && state_reg != CHECK && byte_count_reg == 8'd7) |=> (crc_stage2_final = CRC32_POLY ^ crc_pipe2);
endproperty
assert property (faejlonhcbkokaijoncieipdfpppjahi);

property dnpenhabnkeakagaodgdeeifgjhpdpli;
    @(posedge clk) disable iff(!rst_n) (end_frame && !end_pipe2 && (state_reg != IDLE || start_pipe2) && state_reg == FINALIZE && state_reg != CHECK && byte_count_reg == 8'd7) |=> (stage2_start = 1'b1);
endproperty
assert property (dnpenhabnkeakagaodgdeeifgjhpdpli);

property kiegpacgllnlkmgepijdfjacggaipagh;
    @(posedge clk) disable iff(!rst_n) (end_frame && !end_pipe2 && (state_reg != IDLE || start_pipe2) && state_reg == FINALIZE && state_reg != CHECK && byte_count_reg == 8'd7) |=> (next_state = CHECK);
endproperty
assert property (kiegpacgllnlkmgepijdfjacggaipagh);

property bgllalcibolfkiejpgjgcmdcoiajmaig;
    @(posedge clk) disable iff(!rst_n) (end_frame && !end_pipe2 && (state_reg != IDLE || start_pipe2) && state_reg == FINALIZE && state_reg != CHECK && byte_count_reg == 8'd7) |=> (crc_stage2_out = CRC32_POLY ^ crc_pipe2);
endproperty
assert property (bgllalcibolfkiejpgjgcmdcoiajmaig);

property fplpjbecflljkfkgpbbidbgficgpbfnh;
    @(posedge clk) disable iff(!rst_n) (end_frame && !end_pipe2 && (state_reg != IDLE || start_pipe2) && state_reg == FINALIZE && state_reg != CHECK && byte_count_reg == 8'd7) |=> (crc_stage2_final = CRC32_POLY ^ crc_pipe2);
endproperty
assert property (fplpjbecflljkfkgpbbidbgficgpbfnh);

property aahpjmijmnkhkehmabildfjplgbcdimi;
    @(posedge clk) disable iff(!rst_n) (end_frame && !end_pipe2 && (state_reg != IDLE || start_pipe2) && state_reg == FINALIZE && state_reg != CHECK && byte_count_reg == 8'd7) |=> (stage2_start = 1'b1);
endproperty
assert property (aahpjmijmnkhkehmabildfjplgbcdimi);

property adcodaogdelhklkoahdcljajpllbehfh;
    @(posedge clk) disable iff(!rst_n) (end_frame && !end_pipe2 && (state_reg != IDLE || start_pipe2) && state_reg == FINALIZE && state_reg != CHECK && byte_count_reg == 8'd7) |=> (next_state = CHECK);
endproperty
assert property (adcodaogdelhklkoahdcljajpllbehfh);

property aihiafpibnphkehcoobconnephhaadkn;
    @(posedge clk) disable iff(!rst_n) (end_frame && !end_pipe2 && (state_reg != IDLE || start_pipe2) && state_reg == FINALIZE && state_reg != CHECK && byte_count_reg == 8'd7) |=> (crc_stage2_out = CRC32_POLY ^ crc_pipe2);
endproperty
assert property (aihiafpibnphkehcoobconnephhaadkn);

property aeefmekkobpakakhaidkgngdgemfmefc;
    @(posedge clk) disable iff(!rst_n) (end_frame && !end_pipe2 && (state_reg != IDLE || start_pipe2) && state_reg == FINALIZE && state_reg != CHECK && byte_count_reg == 8'd7) |=> (crc_stage2_final = CRC32_POLY ^ crc_pipe2);
endproperty
assert property (aeefmekkobpakakhaidkgngdgemfmefc);

property lkjaljkfgooakgdlanokhaejcffemppe;
    @(posedge clk) disable iff(!rst_n) (end_frame && !end_pipe2 && (state_reg != IDLE || start_pipe2) && state_reg == FINALIZE && state_reg != CHECK && byte_count_reg == 8'd7) |=> (stage2_start = 1'b1);
endproperty
assert property (lkjaljkfgooakgdlanokhaejcffemppe);

property jfhjojecllmakgipboagildndcbafbob;
    @(posedge clk) disable iff(!rst_n) (end_frame && !end_pipe2 && (state_reg != IDLE || start_pipe2) && state_reg == FINALIZE && state_reg != CHECK && byte_count_reg == 8'd7) |=> (next_state = CHECK);
endproperty
assert property (jfhjojecllmakgipboagildndcbafbob);

property jhdnddiklabbkpgdbdapinkfebkeeimg;
    @(posedge clk) disable iff(!rst_n) (end_frame && !end_pipe2 && (state_reg != IDLE || start_pipe2) && state_reg == FINALIZE && state_reg != CHECK && byte_count_reg == 8'd7) |=> (crc_stage2_out = CRC32_POLY ^ crc_pipe2);
endproperty
assert property (jhdnddiklabbkpgdbdapinkfebkeeimg);

property nfcnlbchgkkakpddbaccnihfgpekgidp;
    @(posedge clk) disable iff(!rst_n) (end_frame && !end_pipe2 && (state_reg != IDLE || start_pipe2) && state_reg == FINALIZE && state_reg != CHECK && byte_count_reg == 8'd7) |=> (crc_stage2_final = CRC32_POLY ^ crc_pipe2);
endproperty
assert property (nfcnlbchgkkakpddbaccnihfgpekgidp);

property iogoacpjenmfkgpnanpelplgndgekofk;
    @(posedge clk) disable iff(!rst_n) (end_frame && !end_pipe2 && (state_reg != IDLE || start_pipe2) && state_reg == FINALIZE && state_reg != CHECK && byte_count_reg == 8'd7) |=> (stage2_start = 1'b1);
endproperty
assert property (iogoacpjenmfkgpnanpelplgndgekofk);

property holbnfhmdmmmkppgbkpmleicfjilabmk;
    @(posedge clk) disable iff(!rst_n) (end_frame && !end_pipe2 && (state_reg != IDLE || start_pipe2) && state_reg == FINALIZE && state_reg != CHECK && byte_count_reg == 8'd7) |=> (next_state = CHECK);
endproperty
assert property (holbnfhmdmmmkppgbkpmleicfjilabmk);

property mlggonfdlhopkhcfacbpbbcbgeinkgjn;
    @(posedge clk) disable iff(!rst_n) (end_frame && !end_pipe2 && (state_reg != IDLE || start_pipe2) && state_reg == FINALIZE && state_reg != CHECK && byte_count_reg == 8'd7) |=> (crc_stage2_out = CRC32_POLY ^ crc_pipe2);
endproperty
assert property (mlggonfdlhopkhcfacbpbbcbgeinkgjn);

property flcjgbgfpjpokmpmplbgipkadklifedl;
    @(posedge clk) disable iff(!rst_n) (end_frame && !end_pipe2 && (state_reg != IDLE || start_pipe2) && state_reg == FINALIZE && state_reg != CHECK && byte_count_reg == 8'd7) |=> (crc_stage2_final = CRC32_POLY ^ crc_pipe2);
endproperty
assert property (flcjgbgfpjpokmpmplbgipkadklifedl);

property epieiaciahoakbihodpmipidomghlhhd;
    @(posedge clk) disable iff(!rst_n) (end_frame && !end_pipe2 && (state_reg != IDLE || start_pipe2) && state_reg == FINALIZE && state_reg != CHECK && byte_count_reg == 8'd7) |=> (stage2_start = 1'b1);
endproperty
assert property (epieiaciahoakbihodpmipidomghlhhd);

property pbgiihijaanakijlpfbkmiggnoiidmap;
    @(posedge clk) disable iff(!rst_n) (end_frame && !end_pipe2 && (state_reg != IDLE || start_pipe2) && state_reg == FINALIZE && state_reg != CHECK && byte_count_reg == 8'd7) |=> (next_state = CHECK);
endproperty
assert property (pbgiihijaanakijlpfbkmiggnoiidmap);

property kjjbkbblllbeklhdaahoaahicaolomfe;
    @(posedge clk) disable iff(!rst_n) (end_frame && !end_pipe2 && (state_reg != IDLE || start_pipe2) && state_reg == FINALIZE && state_reg != CHECK && byte_count_reg == 8'd7) |=> (crc_stage2_out = CRC32_POLY ^ crc_pipe2);
endproperty
assert property (kjjbkbblllbeklhdaahoaahicaolomfe);

property nbajllgebnngkipeaobccepmglpnehfa;
    @(posedge clk) disable iff(!rst_n) (end_frame && !end_pipe2 && (state_reg != IDLE || start_pipe2) && state_reg == FINALIZE && state_reg != CHECK && byte_count_reg == 8'd7) |=> (crc_stage2_final = CRC32_POLY ^ crc_pipe2);
endproperty
assert property (nbajllgebnngkipeaobccepmglpnehfa);

property haenpmfgpkbakgmhbnodhdknkijfacja;
    @(posedge clk) disable iff(!rst_n) (end_frame && !end_pipe2 && (state_reg != IDLE || start_pipe2) && state_reg == FINALIZE && state_reg != CHECK && byte_count_reg == 8'd7) |=> (stage2_start = 1'b1);
endproperty
assert property (haenpmfgpkbakgmhbnodhdknkijfacja);

property ebojljgncdglkggaojnfnndbmlkkkipb;
    @(posedge clk) disable iff(!rst_n) (end_frame && !end_pipe2 && (state_reg != IDLE || start_pipe2) && state_reg == FINALIZE && state_reg != CHECK && byte_count_reg == 8'd7) |=> (next_state = CHECK);
endproperty
assert property (ebojljgncdglkggaojnfnndbmlkkkipb);

property nekjblhnejbikpijbabnndjjbkhokbbn;
    @(posedge clk) disable iff(!rst_n) (end_frame && !end_pipe2 && (state_reg != IDLE || start_pipe2) && state_reg == FINALIZE && state_reg != CHECK && byte_count_reg == 8'd7) |=> (crc_stage2_out = CRC32_POLY ^ crc_pipe2);
endproperty
assert property (nekjblhnejbikpijbabnndjjbkhokbbn);

property bnnopbdmhbonkbcoogmndooannoggcfa;
    @(posedge clk) disable iff(!rst_n) (end_frame && !end_pipe2 && (state_reg != IDLE || start_pipe2) && state_reg == FINALIZE && state_reg != CHECK && byte_count_reg == 8'd7) |=> (crc_stage2_final = CRC32_POLY ^ crc_pipe2);
endproperty
assert property (bnnopbdmhbonkbcoogmndooannoggcfa);

property flblbgkdloeakdmjbkikiidaoefjgnka;
    @(posedge clk) disable iff(!rst_n) (end_frame && !end_pipe2 && (state_reg != IDLE || start_pipe2) && state_reg == FINALIZE && state_reg != CHECK && byte_count_reg == 8'd7) |=> (stage2_start = 1'b1);
endproperty
assert property (flblbgkdloeakdmjbkikiidaoefjgnka);

property oeoacopficmgkmchodpegcoeamkjfafd;
    @(posedge clk) disable iff(!rst_n) (end_frame && !end_pipe2 && (state_reg != IDLE || start_pipe2) && state_reg == FINALIZE && state_reg != CHECK && byte_count_reg == 8'd7) |=> (next_state = CHECK);
endproperty
assert property (oeoacopficmgkmchodpegcoeamkjfafd);

property ahbdclllicnmkminojbpkkfkblgphmel;
    @(posedge clk) disable iff(!rst_n) (end_frame && !end_pipe2 && (state_reg != IDLE || start_pipe2) && state_reg == FINALIZE && state_reg != CHECK && byte_count_reg == 8'd7) |=> (crc_stage2_out = CRC32_POLY ^ crc_pipe2);
endproperty
assert property (ahbdclllicnmkminojbpkkfkblgphmel);

property lffiacdpipokkgdeopepbapfkolammam;
    @(posedge clk) disable iff(!rst_n) (end_frame && !end_pipe2 && (state_reg != IDLE || start_pipe2) && state_reg == FINALIZE && state_reg != CHECK && byte_count_reg == 8'd7) |=> (crc_stage2_final = CRC32_POLY ^ crc_pipe2);
endproperty
assert property (lffiacdpipokkgdeopepbapfkolammam);

property hejeoikobbhlkgpeaiaonodamgjkpdia;
    @(posedge clk) disable iff(!rst_n) (end_frame && !end_pipe2 && (state_reg != IDLE || start_pipe2) && state_reg == FINALIZE && state_reg != CHECK && byte_count_reg == 8'd7) |=> (stage2_start = 1'b1);
endproperty
assert property (hejeoikobbhlkgpeaiaonodamgjkpdia);

property idbdnbgchhahkieloiilmofhjaaddbfl;
    @(posedge clk) disable iff(!rst_n) (end_frame && !end_pipe2 && (state_reg != IDLE || start_pipe2) && state_reg == FINALIZE && state_reg != CHECK && byte_count_reg == 8'd7) |=> (next_state = CHECK);
endproperty
assert property (idbdnbgchhahkieloiilmofhjaaddbfl);

property bhbloiknobhckoffppjjbppidjeghbgo;
    @(posedge clk) disable iff(!rst_n) (end_frame && !end_pipe2 && (state_reg != IDLE || start_pipe2) && state_reg == FINALIZE && state_reg != CHECK && byte_count_reg == 8'd7) |=> (crc_stage2_out = CRC32_POLY ^ crc_pipe2);
endproperty
assert property (bhbloiknobhckoffppjjbppidjeghbgo);

property haniflcfbjnekocfpomiccgaengpflad;
    @(posedge clk) disable iff(!rst_n) (end_frame && !end_pipe2 && (state_reg != IDLE || start_pipe2) && state_reg == FINALIZE && state_reg != CHECK && byte_count_reg == 8'd7) |=> (crc_stage2_final = CRC32_POLY ^ crc_pipe2);
endproperty
assert property (haniflcfbjnekocfpomiccgaengpflad);

property ebjklpmebphmkphfocdhlapdonbfjhbj;
    @(posedge clk) disable iff(!rst_n) (end_frame && !end_pipe2 && (state_reg != IDLE || start_pipe2) && state_reg == FINALIZE && state_reg != CHECK && byte_count_reg == 8'd7) |=> (stage2_start = 1'b1);
endproperty
assert property (ebjklpmebphmkphfocdhlapdonbfjhbj);

property kbiodchljjglkidbbpifcgfjjglplkel;
    @(posedge clk) disable iff(!rst_n) (end_frame && !end_pipe2 && (state_reg != IDLE || start_pipe2) && state_reg == FINALIZE && state_reg != CHECK && byte_count_reg == 8'd7) |=> (next_state = CHECK);
endproperty
assert property (kbiodchljjglkidbbpifcgfjjglplkel);

property fdiocedkmdkmkokbphflmkhkliidgaoh;
    @(posedge clk) disable iff(!rst_n) (end_frame && !end_pipe2 && (state_reg != IDLE || start_pipe2) && state_reg == FINALIZE && state_reg != CHECK && byte_count_reg == 8'd7) |=> (crc_stage2_out = CRC32_POLY ^ crc_pipe2);
endproperty
assert property (fdiocedkmdkmkokbphflmkhkliidgaoh);

property hhnjmnkhookdkhoeaikgbfmndopibogb;
    @(posedge clk) disable iff(!rst_n) (end_frame && !end_pipe2 && (state_reg != IDLE || start_pipe2) && state_reg == FINALIZE && state_reg != CHECK && byte_count_reg == 8'd7) |=> (crc_stage2_final = CRC32_POLY ^ crc_pipe2);
endproperty
assert property (hhnjmnkhookdkhoeaikgbfmndopibogb);

property ojimgbaldimmkmicbkmafickfbghkjpf;
    @(posedge clk) disable iff(!rst_n) (end_frame && !end_pipe2 && (state_reg != IDLE || start_pipe2) && state_reg == FINALIZE && state_reg != CHECK && byte_count_reg == 8'd7) |=> (stage2_start = 1'b1);
endproperty
assert property (ojimgbaldimmkmicbkmafickfbghkjpf);

property odpjbbblfjfekgkgokodlflmhimlckka;
    @(posedge clk) disable iff(!rst_n) (end_frame && !end_pipe2 && (state_reg != IDLE || start_pipe2) && state_reg == FINALIZE && state_reg != CHECK && byte_count_reg == 8'd7) |=> (next_state = CHECK);
endproperty
assert property (odpjbbblfjfekgkgokodlflmhimlckka);

property nmnhbcamleklkgnfpcefoijgkofabohl;
    @(posedge clk) disable iff(!rst_n) (end_frame && !end_pipe2 && (state_reg != IDLE || start_pipe2) && state_reg == FINALIZE && state_reg != CHECK && byte_count_reg == 8'd7) |=> (crc_stage2_out = CRC32_POLY ^ crc_pipe2);
endproperty
assert property (nmnhbcamleklkgnfpcefoijgkofabohl);

property ggaenikcjbfpkljfbacjnefbdglefcni;
    @(posedge clk) disable iff(!rst_n) (end_frame && !end_pipe2 && (state_reg != IDLE || start_pipe2) && state_reg == FINALIZE && state_reg != CHECK && byte_count_reg == 8'd7) |=> (crc_stage2_final = CRC32_POLY ^ crc_pipe2);
endproperty
assert property (ggaenikcjbfpkljfbacjnefbdglefcni);

property aljgpffibpmckenloeoiifpimjhdkdad;
    @(posedge clk) disable iff(!rst_n) (end_frame && !end_pipe2 && (state_reg != IDLE || start_pipe2) && state_reg == FINALIZE && state_reg != CHECK && byte_count_reg == 8'd7) |=> (stage2_start = 1'b1);
endproperty
assert property (aljgpffibpmckenloeoiifpimjhdkdad);

property pejhgkfndoackamhompnfoabkidemddm;
    @(posedge clk) disable iff(!rst_n) (end_frame && !end_pipe2 && (state_reg != IDLE || start_pipe2) && state_reg == FINALIZE && state_reg != CHECK && byte_count_reg == 8'd7) |=> (next_state = CHECK);
endproperty
assert property (pejhgkfndoackamhompnfoabkidemddm);

property kcaggogpcnbjkhacbpleelebpgfcbdmi;
    @(posedge clk) disable iff(!rst_n) (end_frame && !end_pipe2 && (state_reg != IDLE || start_pipe2) && state_reg == FINALIZE && state_reg != CHECK && byte_count_reg == 8'd7) |=> (crc_stage2_out = CRC32_POLY ^ crc_pipe2);
endproperty
assert property (kcaggogpcnbjkhacbpleelebpgfcbdmi);

property pdcieeodfidakmfhpagfidgpmejkjllm;
    @(posedge clk) disable iff(!rst_n) (end_frame && !end_pipe2 && (state_reg != IDLE || start_pipe2) && state_reg == FINALIZE && state_reg != CHECK && byte_count_reg == 8'd7) |=> (crc_stage2_final = CRC32_POLY ^ crc_pipe2);
endproperty
assert property (pdcieeodfidakmfhpagfidgpmejkjllm);

property cjmhhdofcelfkkgpbdpolklknoedcjkl;
    @(posedge clk) disable iff(!rst_n) (end_frame && !end_pipe2 && (state_reg != IDLE || start_pipe2) && state_reg == FINALIZE && state_reg != CHECK && byte_count_reg == 8'd7) |=> (stage2_start = 1'b1);
endproperty
assert property (cjmhhdofcelfkkgpbdpolklknoedcjkl);

property kplmifnomkdikehcachkidgjkdodliee;
    @(posedge clk) disable iff(!rst_n) (end_frame && !end_pipe2 && (state_reg != IDLE || start_pipe2) && state_reg == FINALIZE && state_reg != CHECK && byte_count_reg == 8'd7) |=> (next_state = CHECK);
endproperty
assert property (kplmifnomkdikehcachkidgjkdodliee);

property dhifhbkipinjkhlfaeihonfbfjamlhbb;
    @(posedge clk) disable iff(!rst_n) (end_frame && !end_pipe2 && (state_reg != IDLE || start_pipe2) && state_reg == FINALIZE && state_reg != CHECK && byte_count_reg == 8'd7) |=> (crc_stage2_out = CRC32_POLY ^ crc_pipe2);
endproperty
assert property (dhifhbkipinjkhlfaeihonfbfjamlhbb);

property hianhjegpadgkpdoafpjeielhopipofj;
    @(posedge clk) disable iff(!rst_n) (end_frame && !end_pipe2 && (state_reg != IDLE || start_pipe2) && state_reg == FINALIZE && state_reg != CHECK && byte_count_reg == 8'd7) |=> (crc_stage2_final = CRC32_POLY ^ crc_pipe2);
endproperty
assert property (hianhjegpadgkpdoafpjeielhopipofj);

property fijajikkgldckamboemejldnhlenblpl;
    @(posedge clk) disable iff(!rst_n) (end_frame && !end_pipe2 && (state_reg != IDLE || start_pipe2) && state_reg == FINALIZE && state_reg != CHECK && byte_count_reg == 8'd7) |=> (stage2_start = 1'b1);
endproperty
assert property (fijajikkgldckamboemejldnhlenblpl);

property cegepcdgdakkkahmapljmkokombjbond;
    @(posedge clk) disable iff(!rst_n) (end_frame && !end_pipe2 && (state_reg != IDLE || start_pipe2) && state_reg == FINALIZE && state_reg != CHECK && byte_count_reg == 8'd7) |=> (next_state = CHECK);
endproperty
assert property (cegepcdgdakkkahmapljmkokombjbond);

property dpilhdhfghhgkfjdachckcbfgkliffcg;
    @(posedge clk) disable iff(!rst_n) (end_frame && !end_pipe2 && (state_reg != IDLE || start_pipe2) && state_reg == FINALIZE && state_reg != CHECK && byte_count_reg == 8'd7) |=> (crc_stage2_out = CRC32_POLY ^ crc_pipe2);
endproperty
assert property (dpilhdhfghhgkfjdachckcbfgkliffcg);

property fglinglnmopokaegaohakobpcnifefmn;
    @(posedge clk) disable iff(!rst_n) (end_frame && !end_pipe2 && (state_reg != IDLE || start_pipe2) && state_reg == FINALIZE && state_reg != CHECK && byte_count_reg == 8'd7) |=> (crc_stage2_final = CRC32_POLY ^ crc_pipe2);
endproperty
assert property (fglinglnmopokaegaohakobpcnifefmn);

property pmnnfkabckmekkphpgngkhfnakkbokga;
    @(posedge clk) disable iff(!rst_n) (end_frame && !end_pipe2 && (state_reg != IDLE || start_pipe2) && state_reg == FINALIZE && state_reg != CHECK && byte_count_reg == 8'd7) |=> (stage2_start = 1'b1);
endproperty
assert property (pmnnfkabckmekkphpgngkhfnakkbokga);

property bpgpppjcbmbgkcmpodedckdelfmkhgkj;
    @(posedge clk) disable iff(!rst_n) (end_frame && !end_pipe2 && (state_reg != IDLE || start_pipe2) && state_reg == FINALIZE && state_reg != CHECK && byte_count_reg == 8'd7) |=> (next_state = CHECK);
endproperty
assert property (bpgpppjcbmbgkcmpodedckdelfmkhgkj);

property jbigicaldgaikigmpiefefdcncoblpgb;
    @(posedge clk) disable iff(!rst_n) (end_frame && !end_pipe2 && (state_reg != IDLE || start_pipe2) && state_reg == FINALIZE && state_reg != CHECK && byte_count_reg == 8'd7) |=> (crc_stage2_out = CRC32_POLY ^ crc_pipe2);
endproperty
assert property (jbigicaldgaikigmpiefefdcncoblpgb);

property gncolecahgbnkjojabdcndmnfbghikal;
    @(posedge clk) disable iff(!rst_n) (end_frame && !end_pipe2 && (state_reg != IDLE || start_pipe2) && state_reg == FINALIZE && state_reg != CHECK && byte_count_reg == 8'd7) |=> (crc_stage2_final = CRC32_POLY ^ crc_pipe2);
endproperty
assert property (gncolecahgbnkjojabdcndmnfbghikal);

property deeajikacoankckloepdfgjkgaapjnng;
    @(posedge clk) disable iff(!rst_n) (end_frame && !end_pipe2 && (state_reg != IDLE || start_pipe2) && state_reg == FINALIZE && state_reg != CHECK && byte_count_reg == 8'd7) |=> (stage2_start = 1'b1);
endproperty
assert property (deeajikacoankckloepdfgjkgaapjnng);

property ojdakkacnogokmgkafcbgmjhnpdlkfib;
    @(posedge clk) disable iff(!rst_n) (end_frame && !end_pipe2 && (state_reg != IDLE || start_pipe2) && state_reg == FINALIZE && state_reg != CHECK && byte_count_reg == 8'd7) |=> (next_state = CHECK);
endproperty
assert property (ojdakkacnogokmgkafcbgmjhnpdlkfib);

property phobcpjoacdiknjfpajjlnoajjmgeoog;
    @(posedge clk) disable iff(!rst_n) (end_frame && !end_pipe2 && (state_reg != IDLE || start_pipe2) && state_reg == FINALIZE && state_reg != CHECK && byte_count_reg == 8'd7) |=> (crc_stage2_out = CRC32_POLY ^ crc_pipe2);
endproperty
assert property (phobcpjoacdiknjfpajjlnoajjmgeoog);

property hnbkapefcjlbkbejpcdgnibbbinlalpp;
    @(posedge clk) disable iff(!rst_n) (end_frame && !end_pipe2 && (state_reg != IDLE || start_pipe2) && state_reg == FINALIZE && state_reg != CHECK && byte_count_reg == 8'd7) |=> (crc_stage2_final = CRC32_POLY ^ crc_pipe2);
endproperty
assert property (hnbkapefcjlbkbejpcdgnibbbinlalpp);

property khcapkhckpcgklldagkefaibjfoapolj;
    @(posedge clk) disable iff(!rst_n) (end_frame && !end_pipe2 && (state_reg != IDLE || start_pipe2) && state_reg == FINALIZE && state_reg != CHECK && byte_count_reg == 8'd7) |=> (stage2_start = 1'b1);
endproperty
assert property (khcapkhckpcgklldagkefaibjfoapolj);

property kjkofjaelkdckkekpbcnimpokekjoojh;
    @(posedge clk) disable iff(!rst_n) (end_frame && !end_pipe2 && (state_reg != IDLE || start_pipe2) && state_reg == FINALIZE && state_reg != CHECK && byte_count_reg == 8'd7) |=> (next_state = CHECK);
endproperty
assert property (kjkofjaelkdckkekpbcnimpokekjoojh);

property gahefmbmjimikjmcbnojgpfjaineeopj;
    @(posedge clk) disable iff(!rst_n) (end_frame && !end_pipe2 && (state_reg != IDLE || start_pipe2) && state_reg == FINALIZE && state_reg != CHECK && byte_count_reg == 8'd7) |=> (crc_stage2_out = CRC32_POLY ^ crc_pipe2);
endproperty
assert property (gahefmbmjimikjmcbnojgpfjaineeopj);

property jfokjodipajmkdlpohbjbaiepihkgcgh;
    @(posedge clk) disable iff(!rst_n) (end_frame && !end_pipe2 && (state_reg != IDLE || start_pipe2) && state_reg == FINALIZE && state_reg != CHECK && byte_count_reg == 8'd7) |=> (crc_stage2_final = CRC32_POLY ^ crc_pipe2);
endproperty
assert property (jfokjodipajmkdlpohbjbaiepihkgcgh);

property jhibgbpoojabkiifbaejlgkfajpjamcd;
    @(posedge clk) disable iff(!rst_n) (end_frame && !end_pipe2 && (state_reg != IDLE || start_pipe2) && state_reg == FINALIZE && state_reg != CHECK && byte_count_reg == 8'd7) |=> (stage2_start = 1'b1);
endproperty
assert property (jhibgbpoojabkiifbaejlgkfajpjamcd);

property fhechcpnmpmkkcbkbfbjfaikhmclmmdm;
    @(posedge clk) disable iff(!rst_n) (end_frame && !end_pipe2 && (state_reg != IDLE || start_pipe2) && state_reg == FINALIZE && state_reg != CHECK && byte_count_reg == 8'd7) |=> (next_state = CHECK);
endproperty
assert property (fhechcpnmpmkkcbkbfbjfaikhmclmmdm);

property djmhmpphcicikblcbojomipaaelkkikm;
    @(posedge clk) disable iff(!rst_n) (end_frame && !end_pipe2 && (state_reg != IDLE || start_pipe2) && state_reg == FINALIZE && state_reg != CHECK && byte_count_reg == 8'd7) |=> (crc_stage2_out = CRC32_POLY ^ crc_pipe2);
endproperty
assert property (djmhmpphcicikblcbojomipaaelkkikm);

property oiifnldfgdcgkahkpgkkkhcdjginaokg;
    @(posedge clk) disable iff(!rst_n) (end_frame && !end_pipe2 && (state_reg != IDLE || start_pipe2) && state_reg == FINALIZE && state_reg != CHECK && byte_count_reg == 8'd7) |=> (crc_stage2_final = CRC32_POLY ^ crc_pipe2);
endproperty
assert property (oiifnldfgdcgkahkpgkkkhcdjginaokg);

property nejjhapkapmikogebgokdkndhmdokbjc;
    @(posedge clk) disable iff(!rst_n) (end_frame && !end_pipe2 && (state_reg != IDLE || start_pipe2) && state_reg == FINALIZE && state_reg != CHECK && byte_count_reg == 8'd7) |=> (stage2_start = 1'b1);
endproperty
assert property (nejjhapkapmikogebgokdkndhmdokbjc);

property dmofpicdljhlkllcofjdeldjhecapcng;
    @(posedge clk) disable iff(!rst_n) (end_frame && !end_pipe2 && (state_reg != IDLE || start_pipe2) && state_reg == FINALIZE && state_reg != CHECK && byte_count_reg == 8'd7) |=> (next_state = CHECK);
endproperty
assert property (dmofpicdljhlkllcofjdeldjhecapcng);

property bhcebeanbkgmkfihpidghgeafiipilce;
    @(posedge clk) disable iff(!rst_n) (end_frame && !end_pipe2 && (state_reg != IDLE || start_pipe2) && state_reg == FINALIZE && state_reg != CHECK && byte_count_reg == 8'd7) |=> (crc_stage3_out = CRC32_POLY ^ crc_stage2_final & 0xff);
endproperty
assert property (bhcebeanbkgmkfihpidghgeafiipilce);

property nkdbepojcaafkckhapihfadibaoddoma;
    @(posedge clk) disable iff(!rst_n) (end_frame && !end_pipe2 && (state_reg != IDLE || start_pipe2) && state_reg == FINALIZE && state_reg != CHECK && byte_count_reg == 8'd7) |=> (stage3_start = 1'b1);
endproperty
assert property (nkdbepojcaafkckhapihfadibaoddoma);

property moappcibggbgkhknpdealdbnojfigjlf;
    @(posedge clk) disable iff(!rst_n) (end_frame && !end_pipe2 && (state_reg != IDLE || start_pipe2) && state_reg == FINALIZE && state_reg != CHECK && byte_count_reg == 8'd7) |=> (next_state = CHECK);
endproperty
assert property (moappcibggbgkhknpdealdbnojfigjlf);

property legalalchhicknaiaejafaolnaciodek;
    @(posedge clk) disable iff(!rst_n) (end_frame && !end_pipe2 && (state_reg != IDLE || start_pipe2) && state_reg == FINALIZE && state_reg != CHECK && byte_count_reg == 8'd7) |=> (crc_stage3_out = CRC32_POLY ^ crc_stage2_final & 0xff);
endproperty
assert property (legalalchhicknaiaejafaolnaciodek);

property mdbmjopklijckjfloncmdmoamkoghmcj;
    @(posedge clk) disable iff(!rst_n) (end_frame && !end_pipe2 && (state_reg != IDLE || start_pipe2) && state_reg == FINALIZE && state_reg != CHECK && byte_count_reg == 8'd7) |=> (stage3_start = 1'b1);
endproperty
assert property (mdbmjopklijckjfloncmdmoamkoghmcj);

property pkbphclkpjnekbmiagoopohidlgmpfla;
    @(posedge clk) disable iff(!rst_n) (end_frame && !end_pipe2 && (state_reg != IDLE || start_pipe2) && state_reg == FINALIZE && state_reg != CHECK && byte_count_reg == 8'd7) |=> (next_state = CHECK);
endproperty
assert property (pkbphclkpjnekbmiagoopohidlgmpfla);

property ipjmcmopnoalklpppdkcfkjpejnclheo;
    @(posedge clk) disable iff(!rst_n) (end_frame && !end_pipe2 && (state_reg != IDLE || start_pipe2) && state_reg == FINALIZE && state_reg != CHECK && byte_count_reg == 8'd7) |=> (crc_stage3_out = CRC32_POLY ^ crc_stage2_final & 0xff);
endproperty
assert property (ipjmcmopnoalklpppdkcfkjpejnclheo);

property lengjobmdmgakogcaaplggohooljgpcn;
    @(posedge clk) disable iff(!rst_n) (end_frame && !end_pipe2 && (state_reg != IDLE || start_pipe2) && state_reg == FINALIZE && state_reg != CHECK && byte_count_reg == 8'd7) |=> (stage3_start = 1'b1);
endproperty
assert property (lengjobmdmgakogcaaplggohooljgpcn);

property aoocmocmphhckcbkoifndfdggkodlemi;
    @(posedge clk) disable iff(!rst_n) (end_frame && !end_pipe2 && (state_reg != IDLE || start_pipe2) && state_reg == FINALIZE && state_reg != CHECK && byte_count_reg == 8'd7) |=> (next_state = CHECK);
endproperty
assert property (aoocmocmphhckcbkoifndfdggkodlemi);

property dlakcdfgdhjpkaooafdefanojckfcchk;
    @(posedge clk) disable iff(!rst_n) (end_frame && !end_pipe2 && (state_reg != IDLE || start_pipe2) && state_reg == FINALIZE && state_reg != CHECK && byte_count_reg == 8'd7) |=> (crc_stage3_out = CRC32_POLY ^ crc_stage2_final & 0xff);
endproperty
assert property (dlakcdfgdhjpkaooafdefanojckfcchk);

property mffpamenfiljkmkjplfmkbnlfdlkcpnn;
    @(posedge clk) disable iff(!rst_n) (end_frame && !end_pipe2 && (state_reg != IDLE || start_pipe2) && state_reg == FINALIZE && state_reg != CHECK && byte_count_reg == 8'd7) |=> (stage3_start = 1'b1);
endproperty
assert property (mffpamenfiljkmkjplfmkbnlfdlkcpnn);

property ehbdekgfoceikdjbbfjbjdhlabeenapj;
    @(posedge clk) disable iff(!rst_n) (end_frame && !end_pipe2 && (state_reg != IDLE || start_pipe2) && state_reg == FINALIZE && state_reg != CHECK && byte_count_reg == 8'd7) |=> (next_state = CHECK);
endproperty
assert property (ehbdekgfoceikdjbbfjbjdhlabeenapj);

property nfddcanknhlnkamjpohjfdldcnebmjna;
    @(posedge clk) disable iff(!rst_n) (end_frame && !end_pipe2 && (state_reg != IDLE || start_pipe2) && state_reg == FINALIZE && state_reg != CHECK && byte_count_reg == 8'd7) |=> (crc_stage3_out = CRC32_POLY ^ crc_stage2_final & 0xff);
endproperty
assert property (nfddcanknhlnkamjpohjfdldcnebmjna);

property jgceopnfohnikpbfbnhjknnnabgkdaek;
    @(posedge clk) disable iff(!rst_n) (end_frame && !end_pipe2 && (state_reg != IDLE || start_pipe2) && state_reg == FINALIZE && state_reg != CHECK && byte_count_reg == 8'd7) |=> (stage3_start = 1'b1);
endproperty
assert property (jgceopnfohnikpbfbnhjknnnabgkdaek);

property ngnkiakmepaekoampcodhkbebfignffj;
    @(posedge clk) disable iff(!rst_n) (end_frame && !end_pipe2 && (state_reg != IDLE || start_pipe2) && state_reg == FINALIZE && state_reg != CHECK && byte_count_reg == 8'd7) |=> (next_state = CHECK);
endproperty
assert property (ngnkiakmepaekoampcodhkbebfignffj);

property gemalfkignajkomhpkecgjoefgjdjgin;
    @(posedge clk) disable iff(!rst_n) (end_frame && !end_pipe2 && (state_reg != IDLE || start_pipe2) && state_reg == FINALIZE && state_reg != CHECK && byte_count_reg == 8'd7) |=> (crc_stage3_out = CRC32_POLY ^ crc_stage2_final & 0xff);
endproperty
assert property (gemalfkignajkomhpkecgjoefgjdjgin);

property akmjlicjkfnjkmdfbcoebammfjhknlhp;
    @(posedge clk) disable iff(!rst_n) (end_frame && !end_pipe2 && (state_reg != IDLE || start_pipe2) && state_reg == FINALIZE && state_reg != CHECK && byte_count_reg == 8'd7) |=> (stage3_start = 1'b1);
endproperty
assert property (akmjlicjkfnjkmdfbcoebammfjhknlhp);

property oeoalldcjiggklpfolmpdngnnkhhcmli;
    @(posedge clk) disable iff(!rst_n) (end_frame && !end_pipe2 && (state_reg != IDLE || start_pipe2) && state_reg == FINALIZE && state_reg != CHECK && byte_count_reg == 8'd7) |=> (next_state = CHECK);
endproperty
assert property (oeoalldcjiggklpfolmpdngnnkhhcmli);

property madokfohabmikldgbkckngpolajkmpdc;
    @(posedge clk) disable iff(!rst_n) (end_frame && !end_pipe2 && (state_reg != IDLE || start_pipe2) && state_reg == FINALIZE && state_reg != CHECK && byte_count_reg == 8'd7) |=> (crc_stage3_out = CRC32_POLY ^ crc_stage2_final & 0xff);
endproperty
assert property (madokfohabmikldgbkckngpolajkmpdc);

property nogmikfnkefckggdaacodaifefofbiic;
    @(posedge clk) disable iff(!rst_n) (end_frame && !end_pipe2 && (state_reg != IDLE || start_pipe2) && state_reg == FINALIZE && state_reg != CHECK && byte_count_reg == 8'd7) |=> (stage3_start = 1'b1);
endproperty
assert property (nogmikfnkefckggdaacodaifefofbiic);

property jpnddhhdbjopkilgbcdkcbdjacbjjgac;
    @(posedge clk) disable iff(!rst_n) (end_frame && !end_pipe2 && (state_reg != IDLE || start_pipe2) && state_reg == FINALIZE && state_reg != CHECK && byte_count_reg == 8'd7) |=> (next_state = CHECK);
endproperty
assert property (jpnddhhdbjopkilgbcdkcbdjacbjjgac);

property naphcilngipmkgkapfemmbmmcanccadj;
    @(posedge clk) disable iff(!rst_n) (end_frame && !end_pipe2 && (state_reg != IDLE || start_pipe2) && state_reg == FINALIZE && state_reg != CHECK && byte_count_reg == 8'd7) |=> (crc_stage3_out = CRC32_POLY ^ crc_stage2_final & 0xff);
endproperty
assert property (naphcilngipmkgkapfemmbmmcanccadj);

property ccjlnggbajlpkndfplhhcjnahmggfkgl;
    @(posedge clk) disable iff(!rst_n) (end_frame && !end_pipe2 && (state_reg != IDLE || start_pipe2) && state_reg == FINALIZE && state_reg != CHECK && byte_count_reg == 8'd7) |=> (stage3_start = 1'b1);
endproperty
assert property (ccjlnggbajlpkndfplhhcjnahmggfkgl);

property immjdcfeahegkhdhbleokaggonaaccfc;
    @(posedge clk) disable iff(!rst_n) (end_frame && !end_pipe2 && (state_reg != IDLE || start_pipe2) && state_reg == FINALIZE && state_reg != CHECK && byte_count_reg == 8'd7) |=> (next_state = CHECK);
endproperty
assert property (immjdcfeahegkhdhbleokaggonaaccfc);

property kidifihcknejkcbcomnmakfdilnfeeba;
    @(posedge clk) disable iff(!rst_n) (end_frame && !end_pipe2 && (state_reg != IDLE || start_pipe2) && state_reg == FINALIZE && state_reg != CHECK && byte_count_reg == 8'd7) |=> (crc_stage3_out = CRC32_POLY ^ crc_stage2_final & 0xff);
endproperty
assert property (kidifihcknejkcbcomnmakfdilnfeeba);

property johmhmmjmkafkjjbpemaaincgolejkfc;
    @(posedge clk) disable iff(!rst_n) (end_frame && !end_pipe2 && (state_reg != IDLE || start_pipe2) && state_reg == FINALIZE && state_reg != CHECK && byte_count_reg == 8'd7) |=> (stage3_start = 1'b1);
endproperty
assert property (johmhmmjmkafkjjbpemaaincgolejkfc);

property mknfeamfgeilkohhpibgolnofgkcnnac;
    @(posedge clk) disable iff(!rst_n) (end_frame && !end_pipe2 && (state_reg != IDLE || start_pipe2) && state_reg == FINALIZE && state_reg != CHECK && byte_count_reg == 8'd7) |=> (next_state = CHECK);
endproperty
assert property (mknfeamfgeilkohhpibgolnofgkcnnac);

property bgmfleaccihfkkghaffofnlfhnfnjbgh;
    @(posedge clk) disable iff(!rst_n) (end_frame && !end_pipe2 && (state_reg != IDLE || start_pipe2) && state_reg == FINALIZE && state_reg != CHECK && byte_count_reg == 8'd7) |=> (crc_stage3_out = CRC32_POLY ^ crc_stage2_final & 0xff);
endproperty
assert property (bgmfleaccihfkkghaffofnlfhnfnjbgh);

property gonkmnpplocpkgalogmbjbmeembohipb;
    @(posedge clk) disable iff(!rst_n) (end_frame && !end_pipe2 && (state_reg != IDLE || start_pipe2) && state_reg == FINALIZE && state_reg != CHECK && byte_count_reg == 8'd7) |=> (stage3_start = 1'b1);
endproperty
assert property (gonkmnpplocpkgalogmbjbmeembohipb);

property lholmonklfecklekpekhlonfefjkgpfk;
    @(posedge clk) disable iff(!rst_n) (end_frame && !end_pipe2 && (state_reg != IDLE || start_pipe2) && state_reg == FINALIZE && state_reg != CHECK && byte_count_reg == 8'd7) |=> (next_state = CHECK);
endproperty
assert property (lholmonklfecklekpekhlonfefjkgpfk);

property laicaahggfonkbcjahgfhgadjdfjfmpc;
    @(posedge clk) disable iff(!rst_n) (end_frame && !end_pipe2 && (state_reg != IDLE || start_pipe2) && state_reg == FINALIZE && state_reg != CHECK && byte_count_reg == 8'd7) |=> (crc_stage3_out = CRC32_POLY ^ crc_stage2_final & 0xff);
endproperty
assert property (laicaahggfonkbcjahgfhgadjdfjfmpc);

property mghcokcaipblkfeoafhhgddcfoonfajj;
    @(posedge clk) disable iff(!rst_n) (end_frame && !end_pipe2 && (state_reg != IDLE || start_pipe2) && state_reg == FINALIZE && state_reg != CHECK && byte_count_reg == 8'd7) |=> (stage3_start = 1'b1);
endproperty
assert property (mghcokcaipblkfeoafhhgddcfoonfajj);

property bgdpdomcafmckekkbgcnedilbanbofmm;
    @(posedge clk) disable iff(!rst_n) (end_frame && !end_pipe2 && (state_reg != IDLE || start_pipe2) && state_reg == FINALIZE && state_reg != CHECK && byte_count_reg == 8'd7) |=> (next_state = CHECK);
endproperty
assert property (bgdpdomcafmckekkbgcnedilbanbofmm);

property cepfmlbnekjckmddpopggclcfflmdhhh;
    @(posedge clk) disable iff(!rst_n) (end_frame && !end_pipe2 && (state_reg != IDLE || start_pipe2) && state_reg == FINALIZE && state_reg != CHECK && byte_count_reg == 8'd7) |=> (crc_stage3_out = CRC32_POLY ^ crc_stage2_final & 0xff);
endproperty
assert property (cepfmlbnekjckmddpopggclcfflmdhhh);

property ccacapgpjgjmkmnapchikhfhgjchjmoe;
    @(posedge clk) disable iff(!rst_n) (end_frame && !end_pipe2 && (state_reg != IDLE || start_pipe2) && state_reg == FINALIZE && state_reg != CHECK && byte_count_reg == 8'd7) |=> (stage3_start = 1'b1);
endproperty
assert property (ccacapgpjgjmkmnapchikhfhgjchjmoe);

property ammmhnkkiebmkpimbifdkbjonclclccm;
    @(posedge clk) disable iff(!rst_n) (end_frame && !end_pipe2 && (state_reg != IDLE || start_pipe2) && state_reg == FINALIZE && state_reg != CHECK && byte_count_reg == 8'd7) |=> (next_state = CHECK);
endproperty
assert property (ammmhnkkiebmkpimbifdkbjonclclccm);

property ilhcnjaioonpklbcapnlhedgebldhakk;
    @(posedge clk) disable iff(!rst_n) (end_frame && !end_pipe2 && (state_reg != IDLE || start_pipe2) && state_reg == FINALIZE && state_reg != CHECK && byte_count_reg == 8'd7) |=> (crc_stage3_out = CRC32_POLY ^ crc_stage2_final & 0xff);
endproperty
assert property (ilhcnjaioonpklbcapnlhedgebldhakk);

property dcoaodijlcknklkgabokmbifflglbibm;
    @(posedge clk) disable iff(!rst_n) (end_frame && !end_pipe2 && (state_reg != IDLE || start_pipe2) && state_reg == FINALIZE && state_reg != CHECK && byte_count_reg == 8'd7) |=> (stage3_start = 1'b1);
endproperty
assert property (dcoaodijlcknklkgabokmbifflglbibm);

property dcabliekfknckjmbofmnidpfmgjmifio;
    @(posedge clk) disable iff(!rst_n) (end_frame && !end_pipe2 && (state_reg != IDLE || start_pipe2) && state_reg == FINALIZE && state_reg != CHECK && byte_count_reg == 8'd7) |=> (next_state = CHECK);
endproperty
assert property (dcabliekfknckjmbofmnidpfmgjmifio);

property elajmepcokmekhncobfidieobphbhfme;
    @(posedge clk) disable iff(!rst_n) (end_frame && !end_pipe2 && (state_reg != IDLE || start_pipe2) && state_reg == FINALIZE && state_reg != CHECK && byte_count_reg == 8'd7) |=> (crc_stage3_out = CRC32_POLY ^ crc_stage2_final & 0xff);
endproperty
assert property (elajmepcokmekhncobfidieobphbhfme);

property lbdpacfedmmdkkmfojkcbakgemjjfeao;
    @(posedge clk) disable iff(!rst_n) (end_frame && !end_pipe2 && (state_reg != IDLE || start_pipe2) && state_reg == FINALIZE && state_reg != CHECK && byte_count_reg == 8'd7) |=> (stage3_start = 1'b1);
endproperty
assert property (lbdpacfedmmdkkmfojkcbakgemjjfeao);

property cbeeekedeambknjapfakdokfjbgbifeb;
    @(posedge clk) disable iff(!rst_n) (end_frame && !end_pipe2 && (state_reg != IDLE || start_pipe2) && state_reg == FINALIZE && state_reg != CHECK && byte_count_reg == 8'd7) |=> (next_state = CHECK);
endproperty
assert property (cbeeekedeambknjapfakdokfjbgbifeb);

property gneooceghlbokjdaabkcdfdboajklemi;
    @(posedge clk) disable iff(!rst_n) (end_frame && !end_pipe2 && (state_reg != IDLE || start_pipe2) && state_reg == FINALIZE && state_reg != CHECK && byte_count_reg == 8'd7) |=> (crc_stage3_out = CRC32_POLY ^ crc_stage2_final & 0xff);
endproperty
assert property (gneooceghlbokjdaabkcdfdboajklemi);

property cndcgocidndkkfcooipekcglhfmookhd;
    @(posedge clk) disable iff(!rst_n) (end_frame && !end_pipe2 && (state_reg != IDLE || start_pipe2) && state_reg == FINALIZE && state_reg != CHECK && byte_count_reg == 8'd7) |=> (stage3_start = 1'b1);
endproperty
assert property (cndcgocidndkkfcooipekcglhfmookhd);

property ammpejbfjbmkkdjfponghdhbjeppjgnd;
    @(posedge clk) disable iff(!rst_n) (end_frame && !end_pipe2 && (state_reg != IDLE || start_pipe2) && state_reg == FINALIZE && state_reg != CHECK && byte_count_reg == 8'd7) |=> (next_state = CHECK);
endproperty
assert property (ammpejbfjbmkkdjfponghdhbjeppjgnd);

property epadkkckijbnkchnbofmncphhmgjpnen;
    @(posedge clk) disable iff(!rst_n) (end_frame && !end_pipe2 && (state_reg != IDLE || start_pipe2) && state_reg == FINALIZE && state_reg != CHECK && byte_count_reg == 8'd7) |=> (crc_stage3_out = CRC32_POLY ^ crc_stage2_final & 0xff);
endproperty
assert property (epadkkckijbnkchnbofmncphhmgjpnen);

property piikimbilfpnkodianidmgpkekmfhebe;
    @(posedge clk) disable iff(!rst_n) (end_frame && !end_pipe2 && (state_reg != IDLE || start_pipe2) && state_reg == FINALIZE && state_reg != CHECK && byte_count_reg == 8'd7) |=> (stage3_start = 1'b1);
endproperty
assert property (piikimbilfpnkodianidmgpkekmfhebe);

property ogkcllpfpmnjkgbeplmlhkfmefknbfmc;
    @(posedge clk) disable iff(!rst_n) (end_frame && !end_pipe2 && (state_reg != IDLE || start_pipe2) && state_reg == FINALIZE && state_reg != CHECK && byte_count_reg == 8'd7) |=> (next_state = CHECK);
endproperty
assert property (ogkcllpfpmnjkgbeplmlhkfmefknbfmc);

property aokeigebmnlckomipgbdjodfcmfoenfc;
    @(posedge clk) disable iff(!rst_n) (end_frame && !end_pipe2 && (state_reg != IDLE || start_pipe2) && state_reg == FINALIZE && state_reg != CHECK && byte_count_reg == 8'd7) |=> (crc_stage3_out = CRC32_POLY ^ crc_stage2_final & 0xff);
endproperty
assert property (aokeigebmnlckomipgbdjodfcmfoenfc);

property emjejkechmkjkpjpockbfijipmeppbnj;
    @(posedge clk) disable iff(!rst_n) (end_frame && !end_pipe2 && (state_reg != IDLE || start_pipe2) && state_reg == FINALIZE && state_reg != CHECK && byte_count_reg == 8'd7) |=> (stage3_start = 1'b1);
endproperty
assert property (emjejkechmkjkpjpockbfijipmeppbnj);

property ebickehpcfogkdodofgklkjgogagekid;
    @(posedge clk) disable iff(!rst_n) (end_frame && !end_pipe2 && (state_reg != IDLE || start_pipe2) && state_reg == FINALIZE && state_reg != CHECK && byte_count_reg == 8'd7) |=> (next_state = CHECK);
endproperty
assert property (ebickehpcfogkdodofgklkjgogagekid);

property nolelmnenhnmkaiobmhakbpobilklndi;
    @(posedge clk) disable iff(!rst_n) (end_frame && !end_pipe2 && (state_reg != IDLE || start_pipe2) && state_reg == FINALIZE && state_reg != CHECK && byte_count_reg == 8'd7) |=> (crc_stage3_out = CRC32_POLY ^ crc_stage2_final & 0xff);
endproperty
assert property (nolelmnenhnmkaiobmhakbpobilklndi);

property jocnfioakgfaknmkpnhmnblghhmehegg;
    @(posedge clk) disable iff(!rst_n) (end_frame && !end_pipe2 && (state_reg != IDLE || start_pipe2) && state_reg == FINALIZE && state_reg != CHECK && byte_count_reg == 8'd7) |=> (stage3_start = 1'b1);
endproperty
assert property (jocnfioakgfaknmkpnhmnblghhmehegg);

property dpjhjkcpmokfkfmgaeaopghoilmngihg;
    @(posedge clk) disable iff(!rst_n) (end_frame && !end_pipe2 && (state_reg != IDLE || start_pipe2) && state_reg == FINALIZE && state_reg != CHECK && byte_count_reg == 8'd7) |=> (next_state = CHECK);
endproperty
assert property (dpjhjkcpmokfkfmgaeaopghoilmngihg);

property daedckkdajegkphjpdcblnehblmbafab;
    @(posedge clk) disable iff(!rst_n) (end_frame && !end_pipe2 && (state_reg != IDLE || start_pipe2) && state_reg == FINALIZE && state_reg != CHECK && byte_count_reg == 8'd7) |=> (crc_stage3_out = CRC32_POLY ^ crc_stage2_final & 0xff);
endproperty
assert property (daedckkdajegkphjpdcblnehblmbafab);

property daejjfkplpffkhpbanffhahaajkfolcm;
    @(posedge clk) disable iff(!rst_n) (end_frame && !end_pipe2 && (state_reg != IDLE || start_pipe2) && state_reg == FINALIZE && state_reg != CHECK && byte_count_reg == 8'd7) |=> (stage3_start = 1'b1);
endproperty
assert property (daejjfkplpffkhpbanffhahaajkfolcm);

property filcfbpdefpakkpiogedgklhhkadibmk;
    @(posedge clk) disable iff(!rst_n) (end_frame && !end_pipe2 && (state_reg != IDLE || start_pipe2) && state_reg == FINALIZE && state_reg != CHECK && byte_count_reg == 8'd7) |=> (next_state = CHECK);
endproperty
assert property (filcfbpdefpakkpiogedgklhhkadibmk);

property heldaddkgemkknjfbdeiecgijljgdmmb;
    @(posedge clk) disable iff(!rst_n) (end_frame && !end_pipe2 && (state_reg != IDLE || start_pipe2) && state_reg == FINALIZE && state_reg != CHECK && byte_count_reg == 8'd7) |=> (crc_stage3_out = CRC32_POLY ^ crc_stage2_final & 0xff);
endproperty
assert property (heldaddkgemkknjfbdeiecgijljgdmmb);

property dccdkmofedikkmaopfblfkgnfpgbjndf;
    @(posedge clk) disable iff(!rst_n) (end_frame && !end_pipe2 && (state_reg != IDLE || start_pipe2) && state_reg == FINALIZE && state_reg != CHECK && byte_count_reg == 8'd7) |=> (stage3_start = 1'b1);
endproperty
assert property (dccdkmofedikkmaopfblfkgnfpgbjndf);

property okhfedkdnojlkbmaomkndcppaoicjiil;
    @(posedge clk) disable iff(!rst_n) (end_frame && !end_pipe2 && (state_reg != IDLE || start_pipe2) && state_reg == FINALIZE && state_reg != CHECK && byte_count_reg == 8'd7) |=> (next_state = CHECK);
endproperty
assert property (okhfedkdnojlkbmaomkndcppaoicjiil);

property pibaijhjcdggklmdajlnobocjjeimhhn;
    @(posedge clk) disable iff(!rst_n) (end_frame && !end_pipe2 && (state_reg != IDLE || start_pipe2) && state_reg == FINALIZE && state_reg != CHECK && byte_count_reg == 8'd7) |=> (crc_stage3_out = CRC32_POLY ^ crc_stage2_final & 0xff);
endproperty
assert property (pibaijhjcdggklmdajlnobocjjeimhhn);

property mojjjhceaonpkjkgopfbomkjdfeklpgj;
    @(posedge clk) disable iff(!rst_n) (end_frame && !end_pipe2 && (state_reg != IDLE || start_pipe2) && state_reg == FINALIZE && state_reg != CHECK && byte_count_reg == 8'd7) |=> (stage3_start = 1'b1);
endproperty
assert property (mojjjhceaonpkjkgopfbomkjdfeklpgj);

property ocohebgegepjklkiagfmlhddkdnclhfl;
    @(posedge clk) disable iff(!rst_n) (end_frame && !end_pipe2 && (state_reg != IDLE || start_pipe2) && state_reg == FINALIZE && state_reg != CHECK && byte_count_reg == 8'd7) |=> (next_state = CHECK);
endproperty
assert property (ocohebgegepjklkiagfmlhddkdnclhfl);

property mjaheomjhlhlkekaognkdaajimdnkbjd;
    @(posedge clk) disable iff(!rst_n) (end_frame && !end_pipe2 && (state_reg != IDLE || start_pipe2) && state_reg == FINALIZE && state_reg != CHECK && byte_count_reg == 8'd7) |=> (crc_stage3_out = CRC32_POLY ^ crc_stage2_final & 0xff);
endproperty
assert property (mjaheomjhlhlkekaognkdaajimdnkbjd);

property ldnnlibkfpbmkcdaamjdlhipjgnnojfi;
    @(posedge clk) disable iff(!rst_n) (end_frame && !end_pipe2 && (state_reg != IDLE || start_pipe2) && state_reg == FINALIZE && state_reg != CHECK && byte_count_reg == 8'd7) |=> (stage3_start = 1'b1);
endproperty
assert property (ldnnlibkfpbmkcdaamjdlhipjgnnojfi);

property pjlhcemofmoakmakojfocoomophiikih;
    @(posedge clk) disable iff(!rst_n) (end_frame && !end_pipe2 && (state_reg != IDLE || start_pipe2) && state_reg == FINALIZE && state_reg != CHECK && byte_count_reg == 8'd7) |=> (next_state = CHECK);
endproperty
assert property (pjlhcemofmoakmakojfocoomophiikih);

property oompknmohkbmknakamlohbgpmnmhgdni;
    @(posedge clk) disable iff(!rst_n) (end_frame && !end_pipe2 && (state_reg != IDLE || start_pipe2) && state_reg == FINALIZE && state_reg != CHECK && byte_count_reg == 8'd7) |=> (crc_stage3_out = CRC32_POLY ^ crc_stage2_final & 0xff);
endproperty
assert property (oompknmohkbmknakamlohbgpmnmhgdni);

property nanpgknokckhkjnjonmjkonhimfediek;
    @(posedge clk) disable iff(!rst_n) (end_frame && !end_pipe2 && (state_reg != IDLE || start_pipe2) && state_reg == FINALIZE && state_reg != CHECK && byte_count_reg == 8'd7) |=> (stage3_start = 1'b1);
endproperty
assert property (nanpgknokckhkjnjonmjkonhimfediek);

property ibpahpnjofjoklaiangabkcpjoabmebp;
    @(posedge clk) disable iff(!rst_n) (end_frame && !end_pipe2 && (state_reg != IDLE || start_pipe2) && state_reg == FINALIZE && state_reg != CHECK && byte_count_reg == 8'd7) |=> (next_state = CHECK);
endproperty
assert property (ibpahpnjofjoklaiangabkcpjoabmebp);

property olfmfofemdddkmdlpchfjkopddlmmddl;
    @(posedge clk) disable iff(!rst_n) (end_frame && !end_pipe2 && (state_reg != IDLE || start_pipe2) && state_reg == FINALIZE && state_reg != CHECK && byte_count_reg == 8'd7) |=> (crc_stage3_out = CRC32_POLY ^ crc_stage2_final & 0xff);
endproperty
assert property (olfmfofemdddkmdlpchfjkopddlmmddl);

property ngpjgjeabacbkkdnajnnlmaabpmgdphm;
    @(posedge clk) disable iff(!rst_n) (end_frame && !end_pipe2 && (state_reg != IDLE || start_pipe2) && state_reg == FINALIZE && state_reg != CHECK && byte_count_reg == 8'd7) |=> (stage3_start = 1'b1);
endproperty
assert property (ngpjgjeabacbkkdnajnnlmaabpmgdphm);

property ioffjippnmjkknaipnlojifinfpjhgkj;
    @(posedge clk) disable iff(!rst_n) (end_frame && !end_pipe2 && (state_reg != IDLE || start_pipe2) && state_reg == FINALIZE && state_reg != CHECK && byte_count_reg == 8'd7) |=> (next_state = CHECK);
endproperty
assert property (ioffjippnmjkknaipnlojifinfpjhgkj);

property cjcjebhhgbifkhjdomegbfeobkhpdckp;
    @(posedge clk) disable iff(!rst_n) (end_frame && !end_pipe2 && (state_reg != IDLE || start_pipe2) && state_reg == FINALIZE && state_reg != CHECK && byte_count_reg == 8'd7) |=> (crc_stage3_out = CRC32_POLY ^ crc_stage2_final & 0xff);
endproperty
assert property (cjcjebhhgbifkhjdomegbfeobkhpdckp);

property lkgncnckgpikkocnakamcegkjmaiggcl;
    @(posedge clk) disable iff(!rst_n) (end_frame && !end_pipe2 && (state_reg != IDLE || start_pipe2) && state_reg == FINALIZE && state_reg != CHECK && byte_count_reg == 8'd7) |=> (stage3_start = 1'b1);
endproperty
assert property (lkgncnckgpikkocnakamcegkjmaiggcl);

property ilgnbcdbfdamkbiiojgbahklblhmgeoi;
    @(posedge clk) disable iff(!rst_n) (end_frame && !end_pipe2 && (state_reg != IDLE || start_pipe2) && state_reg == FINALIZE && state_reg != CHECK && byte_count_reg == 8'd7) |=> (next_state = CHECK);
endproperty
assert property (ilgnbcdbfdamkbiiojgbahklblhmgeoi);

property pmccdpednpebkffmbeeffhnnapkcldcg;
    @(posedge clk) disable iff(!rst_n) (end_frame && !end_pipe2 && (state_reg != IDLE || start_pipe2) && state_reg == FINALIZE && state_reg != CHECK && byte_count_reg == 8'd7) |=> (crc_stage3_out = CRC32_POLY ^ crc_stage2_final & 0xff);
endproperty
assert property (pmccdpednpebkffmbeeffhnnapkcldcg);

property gilleebomopikhoaabfjhnpkoippaabl;
    @(posedge clk) disable iff(!rst_n) (end_frame && !end_pipe2 && (state_reg != IDLE || start_pipe2) && state_reg == FINALIZE && state_reg != CHECK && byte_count_reg == 8'd7) |=> (stage3_start = 1'b1);
endproperty
assert property (gilleebomopikhoaabfjhnpkoippaabl);

property eebjgenlhbapkjekpdcpnnpbflinafhg;
    @(posedge clk) disable iff(!rst_n) (end_frame && !end_pipe2 && (state_reg != IDLE || start_pipe2) && state_reg == FINALIZE && state_reg != CHECK && byte_count_reg == 8'd7) |=> (next_state = CHECK);
endproperty
assert property (eebjgenlhbapkjekpdcpnnpbflinafhg);

property afocpenajifgkjmmphlfbemcbojmcbpl;
    @(posedge clk) disable iff(!rst_n) (end_frame && !end_pipe2 && (state_reg != IDLE || start_pipe2) && state_reg == FINALIZE && state_reg != CHECK && byte_count_reg == 8'd7) |=> (crc_stage3_out = CRC32_POLY ^ crc_stage2_final & 0xff);
endproperty
assert property (afocpenajifgkjmmphlfbemcbojmcbpl);

property cnlemopgidliklpcobejphbfkcicncgk;
    @(posedge clk) disable iff(!rst_n) (end_frame && !end_pipe2 && (state_reg != IDLE || start_pipe2) && state_reg == FINALIZE && state_reg != CHECK && byte_count_reg == 8'd7) |=> (stage3_start = 1'b1);
endproperty
assert property (cnlemopgidliklpcobejphbfkcicncgk);

property bchhejgnnpniknjdoiofkhkblfdbioif;
    @(posedge clk) disable iff(!rst_n) (end_frame && !end_pipe2 && (state_reg != IDLE || start_pipe2) && state_reg == FINALIZE && state_reg != CHECK && byte_count_reg == 8'd7) |=> (next_state = CHECK);
endproperty
assert property (bchhejgnnpniknjdoiofkhkblfdbioif);

property omhneaidoocfkmjeaocfinobnbohehjk;
    @(posedge clk) disable iff(!rst_n) (end_frame && !end_pipe2 && (state_reg != IDLE || start_pipe2) && state_reg == FINALIZE && state_reg != CHECK && byte_count_reg == 8'd7) |=> (crc_stage3_out = CRC32_POLY ^ crc_stage2_final & 0xff);
endproperty
assert property (omhneaidoocfkmjeaocfinobnbohehjk);

property ncmhjnlliiopkpldaphdcdfcenhgmnbe;
    @(posedge clk) disable iff(!rst_n) (end_frame && !end_pipe2 && (state_reg != IDLE || start_pipe2) && state_reg == FINALIZE && state_reg != CHECK && byte_count_reg == 8'd7) |=> (stage3_start = 1'b1);
endproperty
assert property (ncmhjnlliiopkpldaphdcdfcenhgmnbe);

property aadenhiphmifkdklbpcfpeojnckgofbf;
    @(posedge clk) disable iff(!rst_n) (end_frame && !end_pipe2 && (state_reg != IDLE || start_pipe2) && state_reg == FINALIZE && state_reg != CHECK && byte_count_reg == 8'd7) |=> (next_state = CHECK);
endproperty
assert property (aadenhiphmifkdklbpcfpeojnckgofbf);

property cfjmmpaeaddpkehgpanpcenhafbdgnjn;
    @(posedge clk) disable iff(!rst_n) (end_frame && !end_pipe2 && (state_reg != IDLE || start_pipe2) && state_reg == FINALIZE && state_reg != CHECK && byte_count_reg == 8'd7) |=> (crc_stage3_out = CRC32_POLY ^ crc_stage2_final & 0xff);
endproperty
assert property (cfjmmpaeaddpkehgpanpcenhafbdgnjn);

property paaakdheaamfkennammekoiceembhhob;
    @(posedge clk) disable iff(!rst_n) (end_frame && !end_pipe2 && (state_reg != IDLE || start_pipe2) && state_reg == FINALIZE && state_reg != CHECK && byte_count_reg == 8'd7) |=> (stage3_start = 1'b1);
endproperty
assert property (paaakdheaamfkennammekoiceembhhob);

property kfefnfkdmpkikajlabgmkkldpkojceen;
    @(posedge clk) disable iff(!rst_n) (end_frame && !end_pipe2 && (state_reg != IDLE || start_pipe2) && state_reg == FINALIZE && state_reg != CHECK && byte_count_reg == 8'd7) |=> (next_state = CHECK);
endproperty
assert property (kfefnfkdmpkikajlabgmkkldpkojceen);

property fdeoljdeceadkjoepcdeigpcbdapfgac;
    @(posedge clk) disable iff(!rst_n) (end_frame && !end_pipe2 && (state_reg != IDLE || start_pipe2) && state_reg == FINALIZE && state_reg != CHECK && byte_count_reg == 8'd7) |=> (crc_stage3_out = CRC32_POLY ^ crc_stage2_final & 0xff);
endproperty
assert property (fdeoljdeceadkjoepcdeigpcbdapfgac);


endmodule","** Error: (vlog-13069) prueba.sv(65): near ""ELSE"": syntax error, unexpected IDENTIFIER, expecting ')'.
** Error: (vlog-13069) prueba.sv(66): near ""ELSE"": syntax error, unexpected IDENTIFIER, expecting ')'.
** Error: (vlog-13069) prueba.sv(67): near ""ELSE"": syntax error, unexpected IDENTIFIER, expecting ')'.
** Error: (vlog-13069) prueba.sv(68): near ""ELSE"": syntax error, unexpected IDENTIFIER, expecting ')'.
** Error: (vlog-13069) prueba.sv(69): near ""ELSE"": syntax error, unexpected IDENTIFIER, expecting ')'.
** Error: (vlog-13069) prueba.sv(70): near ""ELSE"": syntax error, unexpected IDENTIFIER, expecting ')'.
** Error: (vlog-13069) prueba.sv(71): near ""ELSE"": syntax error, unexpected IDENTIFIER, expecting ')'.
** Error: (vlog-13069) prueba.sv(72): near ""ELSE"": syntax error, unexpected IDENTIFIER, expecting ')'.
** Error: (vlog-13069) prueba.sv(73): near ""ELSE"": syntax error, unexpected IDENTIFIER, expecting ')'.
** Error: (vlog-13069) prueba.sv(786): near ""xff"": syntax error, unexpected IDENTIFIER, expecting ')'.
** Error: (vlog-13069) prueba.sv(801): near ""xff"": syntax error, unexpected IDENTIFIER, expecting ')'.
** Error: (vlog-13069) prueba.sv(816): near ""xff"": syntax error, unexpected IDENTIFIER, expecting ')'.
** Error: (vlog-13069) prueba.sv(831): near ""xff"": syntax error, unexpected IDENTIFIER, expecting ')'.
** Error: (vlog-13069) prueba.sv(846): near ""xff"": syntax error, unexpected IDENTIFIER, expecting ')'.
** Error: (vlog-13069) prueba.sv(861): near ""xff"": syntax error, unexpected IDENTIFIER, expecting ')'.
** Error: (vlog-13069) prueba.sv(876): near ""xff"": syntax error, unexpected IDENTIFIER, expecting ')'.
** Error: (vlog-13069) prueba.sv(891): near ""xff"": syntax error, unexpected IDENTIFIER, expecting ')'.
** Error: (vlog-13069) prueba.sv(906): near ""xff"": syntax error, unexpected IDENTIFIER, expecting ')'.
** Error: (vlog-13069) prueba.sv(921): near ""xff"": syntax error, unexpected IDENTIFIER, expecting ')'.
** Error: (vlog-13069) prueba.sv(936): near ""xff"": syntax error, unexpected IDENTIFIER, expecting ')'.
** Error: (vlog-13069) prueba.sv(951): near ""xff"": syntax error, unexpected IDENTIFIER, expecting ')'.
** Error: (vlog-13069) prueba.sv(966): near ""xff"": syntax error, unexpected IDENTIFIER, expecting ')'.
** Error: (vlog-13069) prueba.sv(981): near ""xff"": syntax error, unexpected IDENTIFIER, expecting ')'.
** Error: (vlog-13069) prueba.sv(996): near ""xff"": syntax error, unexpected IDENTIFIER, expecting ')'.
** Error: (vlog-13069) prueba.sv(1011): near ""xff"": syntax error, unexpected IDENTIFIER, expecting ')'.
** Error: (vlog-13069) prueba.sv(1026): near ""xff"": syntax error, unexpected IDENTIFIER, expecting ')'.
** Error: (vlog-13069) prueba.sv(1041): near ""xff"": syntax error, unexpected IDENTIFIER, expecting ')'.
** Error: (vlog-13069) prueba.sv(1056): near ""xff"": syntax error, unexpected IDENTIFIER, expecting ')'.
** Error: (vlog-13069) prueba.sv(1071): near ""xff"": syntax error, unexpected IDENTIFIER, expecting ')'.
** Error: (vlog-13069) prueba.sv(1086): near ""xff"": syntax error, unexpected IDENTIFIER, expecting ')'.
** Error: (vlog-13069) prueba.sv(1101): near ""xff"": syntax error, unexpected IDENTIFIER, expecting ')'.
** Error: (vlog-13069) prueba.sv(1116): near ""xff"": syntax error, unexpected IDENTIFIER, expecting ')'.
** Error: (vlog-13069) prueba.sv(1131): near ""xff"": syntax error, unexpected IDENTIFIER, expecting ')'.
** Error: (vlog-13069) prueba.sv(1146): near ""xff"": syntax error, unexpected IDENTIFIER, expecting ')'.
** Error: (vlog-13069) prueba.sv(1161): near ""xff"": syntax error, unexpected IDENTIFIER, expecting ')'.
** Error: (vlog-13069) prueba.sv(1176): near ""xff"": syntax error, unexpected IDENTIFIER, expecting ')'.
** Error: (vlog-13069) prueba.sv(1191): near ""xff"": syntax error, unexpected IDENTIFIER, expecting ')'.
** Error: (vlog-13069) prueba.sv(1206): near ""xff"": syntax error, unexpected IDENTIFIER, expecting ')'.
** Error: (vlog-13069) prueba.sv(1221): near ""xff"": syntax error, unexpected IDENTIFIER, expecting ')'.",3756.79874420166,4416,23617
