original_code,generated_code,iverilog_output,time(s),prompt_tkns,output_tkns
"module case_example1(input logic [1:0] a, output logic y);
    always_comb begin
        case(a)
            2'b00: y = 0;
            2'b01: y = 1;
            2'b10: y = 1;
            2'b11: y = 0;
            default: y = 0;
        endcase
    end
endmodule",,OK,93.5669515132904,2048,28
"module case_example2(input logic [3:0] a, output logic [1:0] y);
    always_comb begin
        case(a)
            4'd0: y = 2'b00;
            4'd1: y = 2'b01;
            4'd2: y = 2'b10;
            default: y = 2'b11;
        endcase
    end
endmodule
",,OK,161.1918420791626,2048,479
"module case2(input logic [2:0] sel, output logic z);
    always_comb begin
        case(sel)
            3'b000: z = 0;
            3'b001: z = 1;
            3'b010: z = 1;
            3'b011: z = 0;
            3'b100: z = 1;
            default: z = 0;
        endcase
    end
endmodule
",,OK,125.85193419456482,2048,245
"module case3(input logic [1:0] sel, input logic a, b, c, d, output logic y);
    always_comb begin
        case(sel)
            2'b00: y = a;
            2'b01: y = b;
            2'b10: y = c;
            2'b11: y = d;
        endcase
    end
endmodule
",,OK,167.0550353527069,2048,521
"module case4(input logic [3:0] in, output logic out);
    always_comb begin
        case(in)
            4'b0001: out = 1;
            4'b0010: out = 0;
            4'b0100: out = 1;
            4'b1000: out = 0;
            default: out = 0;
        endcase
    end
endmodule
","// 3. Functional Sequence: IDLE to RUN
property p_idle_to_run;
    @(posedge clk) disable iff (!rst_n) (state == IDLE && start) |=> (state == RUN);
endproperty","** Error: prueba.sv(10): (vlog-2730) Undefined variable: 'RUN'.
** Error: prueba.sv(10): (vlog-2730) Undefined variable: 'start'.
** Error: prueba.sv(10): (vlog-2730) Undefined variable: 'IDLE'.
** Error: prueba.sv(10): (vlog-2730) Undefined variable: 'state'.
** Error: prueba.sv(10): (vlog-2730) Undefined variable: 'rst_n'.
** Error: prueba.sv(10): (vlog-2730) Undefined variable: 'clk'.",3115.269317865372,2048,20480
"module case5(input logic [1:0] op, input logic [3:0] a, b, output logic [3:0] result);
    always_comb begin
        case(op)
            2'b00: result = a + b;
            2'b01: result = a - b;
            2'b10: result = a & b;
            2'b11: result = a | b;
        endcase
    end
endmodule
","always_comb begin
    case(op)
        2'b00: result = a + b;
        2'b01: result = a - b;
        2'b10: result = a & b;
        2'b11: result = a | b;
    endcase
end","** Error: prueba.sv(10): (vlog-2110) Illegal reference to net ""result"".
** Error: prueba.sv(11): (vlog-2110) Illegal reference to net ""result"".
** Error: prueba.sv(12): (vlog-2110) Illegal reference to net ""result"".
** Error: prueba.sv(13): (vlog-2110) Illegal reference to net ""result"".",190.7714822292328,2048,688
"module case6(input logic [1:0] state, output logic [2:0] light);
    always_comb begin
        case(state)
            2'b00: light = 3'b100; // Red
            2'b01: light = 3'b010; // Yellow
            2'b10: light = 3'b001; // Green
            default: light = 3'b100;
        endcase
    end
endmodule
","always_comb begin : assert_light // Name this block appropriately
    if (state == 2'b00) assert(light == 3'b100);
    else if (state == 2'b01) assert(light == 3'b010);
    else if (state == 2'b10) assert(light == 3'b001);
    else                        assert(light == 3'b100); // default case
end",OK,123.83679127693176,2048,231
"module case8(input logic [3:0] in, output logic [1:0] out);
    always_comb begin
        case(in)
            4'b0001: out = 2'b00;
            4'b0010: out = 2'b01;
            4'b0100: out = 2'b10;
            4'b1000: out = 2'b11;
            default: out = 2'b00;
        endcase
    end
endmodule
",,OK,204.32797360420227,2048,778
"module case9(input logic [3:0] digit, output logic [6:0] seg);
    always_comb begin
        case(digit)
            4'd0: seg = 7'b0111111;
            4'd1: seg = 7'b0000110;
            4'd2: seg = 7'b1011011;
            4'd3: seg = 7'b1001111;
            4'd4: seg = 7'b1100110;
            4'd5: seg = 7'b1101101;
            4'd6: seg = 7'b1111101;
            4'd7: seg = 7'b0000111;
            4'd8: seg = 7'b1111111;
            4'd9: seg = 7'b1101111;
            default: seg = 7'b0000000;
        endcase
    end
endmodule
","always_comb begin : always_comb_block
    if (digit == 4'd0) assert(seg == 7'b0111111);
    else if (digit == 4'd1) assert(seg == 7'b0000110);
    else if (digit == 4'd2) assert(seg == 7'b1011011);
    else if (digit == 4'd3) assert(seg == 7'b1001111);
    else if (digit == 4'd4) assert(seg == 7'b1100110);
    else if (digit == 4'd5) assert(seg == 7'b1101101);
    else if (digit == 4'd6) assert(seg == 7'b1111101);
    else if (digit == 4'd7) assert(seg == 7'b0000111);
    else if (digit == 4'd8) assert(seg == 7'b1111111);
    else if (digit == 4'd9) assert(seg == 7'b1101111);
end",OK,254.0006167888641,2048,1113
"module case10(input logic [2:0] pattern, output logic match);
    always_comb begin
        case(pattern)
            3'b101: match = 1;
            3'b010: match = 1;
            3'b111: match = 0;
            default: match = 0;
        endcase
    end
endmodule
",,OK,106.34794473648073,2048,118
"module case11(input logic toggle, output logic state);
    always_comb begin
        case(toggle)
            1'b0: state = 0;
            1'b1: state = 1;
        endcase
    end
endmodule
","always_comb begin
    if (toggle === 1'b0) begin // === operator to check for equality, including X or Z states
        state = 0;
    end else if (toggle === 1'b1) begin
        state = 1;
    end else begin // default case for all other values (e.g., 'x', 'z')
        state = '0; // assign '0 to clear any previous X or Z values
    end
end","** Error: prueba.sv(10): (vlog-2110) Illegal reference to net ""state"".
** Error: prueba.sv(12): (vlog-2110) Illegal reference to net ""state"".
** Error: prueba.sv(14): (vlog-2110) Illegal reference to net ""state"".",124.14480090141296,2048,229
"module case12(input logic [2:0] in, output logic [7:0] out);
    always_comb begin
        case(in)
            3'b000: out = 8'b00000001;
            3'b001: out = 8'b00000010;
            3'b010: out = 8'b00000100;
            3'b011: out = 8'b00001000;
            3'b100: out = 8'b00010000;
            3'b101: out = 8'b00100000;
            3'b110: out = 8'b01000000;
            3'b111: out = 8'b10000000;
        endcase
    end
endmodule
",,OK,152.22100067138672,2048,426
"module case14(input logic [1:0] op, input logic [3:0] a, b, output logic [3:0] result);
    always_comb begin
        case(op)
            2'b00: result = a ^ b; // XOR
            2'b01: result = ~(a & b); // NAND
            2'b10: result = a | b; // OR
            2'b11: result = a & b; // AND
        endcase
    end
endmodule
","property p_xor;
        @(posedge clk) disable iff (!rst_n) (op == 2'b00 |-> result == a ^ b);
    endproperty : p_xor

    assert_xor: assert property (p_xor) else $error(""XOR operation failed."");","** Error: prueba.sv(9): (vlog-2730) Undefined variable: 'rst_n'.
** Error: prueba.sv(9): (vlog-2730) Undefined variable: 'clk'.",180.46824669837952,2048,617
"module case15(input logic [3:0] num, output logic [1:0] mod3);
    always_comb begin
        case(num % 3)
            2'd0: mod3 = 2'b00;
            2'd1: mod3 = 2'b01;
            2'd2: mod3 = 2'b10;
        endcase
    end
endmodule
",,OK,114.29767203330994,2048,165
"module case17(input logic [1:0] state, output logic [1:0] next);
    always_comb begin
        case(state)
            2'b00: next = 2'b01;
            2'b01: next = 2'b10;
            2'b10: next = 2'b11;
            2'b11: next = 2'b00;
            default: next = 2'b00; // safe default
        endcase
    end
endmodule
","@(state) disable iff (state != 2'b00) $display(""Assertion failed at time %t"",$time);","** Error: (vlog-13069) prueba.sv(8): near ""@"": syntax error, unexpected '@'.",176.8256344795227,2048,593
"module case18(input logic [3:0] key, output logic [6:0] seg);
    always_comb begin
        case(key)
            4'd0: seg = 7'b0111111;
            4'd1: seg = 7'b0000110;
            4'd2: seg = 7'b1011011;
            4'd3: seg = 7'b1001111;
            default: seg = 7'b0000000;
        endcase
    end
endmodule
",,OK,140.83469033241272,2048,346
"module case21(input logic [1:0] counter, input logic reset, output logic [1:0] next_count);
    always_comb begin
        case({reset, counter})
            3'b100: next_count = 2'b00; // reset active
            3'b000: next_count = 2'b01;
            3'b001: next_count = 2'b10;
            3'b010: next_count = 2'b11;
            3'b011: next_count = 2'b00;
            default: next_count = 2'b00;
        endcase
    end
endmodule
",,OK,98.32585144042967,2048,61
"module case27(input logic [3:0] temp, output logic warning);
    always_comb begin
        case(temp)
            4'd0, 4'd1, 4'd2, 4'd3, 4'd4, 4'd5: warning = 0;
            4'd6, 4'd7, 4'd8, 4'd9, 4'd10: warning = 1;
            default: warning = 0;
        endcase
    end
endmodule
","always_comb begin
if (temp inside {4'd0, 4'd1, 4'd2, 4'd3, 4'd4, 4'd5}) assert(warning == '0);
else if (temp inside {4'd6, 4'd7, 4'd8, 4'd9, 4'd10}) assert(warning == 1);
else if (temp != 'bx) assert(warning == '0); // validates the default statement in case of unknown value.
end",OK,137.31828331947327,2048,325
"module case31(input logic [3:0] value, output logic flag);
    always_comb begin
        case(value)
            4'd1, 4'd3, 4'd5, 4'd7: flag = 1; // odd numbers
            default: flag = 0;
        endcase
    end
endmodule
","always_comb begin
    if(value == 4'd1 || value == 4'd3 || value == 4'd5 || value == 4'd7) assert (flag == 1);
    else assert (flag == 0);
end",OK,115.2714991569519,2048,175
"module case32(input logic [3:0] temp, output logic warning);
    always_comb begin
        case(temp)
            4'd0: warning = 0;
            4'd1: warning = 0;
            4'd2: warning = 0;
            4'd3: warning = 0;
            4'd4, 4'd5, 4'd6: warning = 1; // range 4 to 6
            default: warning = 0;
        endcase
    end
endmodule
","// 1. Identify signals
logic [3:0] temp;
logic warning;

// 2. Create assertion properties
property p_case_statement;
    @(posedge clk) disable iff (!rst_n)
    (temp == 'd0 && !warning) ||
    (temp == 'd1 && !warning) ||
    (temp == 'd2 && !warning) ||
    (temp == 'd3 && !warning) ||
    (temp == 'd4 && warning)   ||
    (temp == 'd5 && warning)   ||
    (temp == 'd6 && warning);
endproperty

// 3. Verify signals
always_comb begin
    if ((temp == 'd0) || (temp == 'd1) || (temp == 'd2) || (temp == 'd3))
        assert(warning == 'b0);
    else
        assert(warning == 'b1);
end

// 4. Assert properties
assert_case: assert property (p_case_statement);","** Error (suppressible): prueba.sv(9): (vlog-2388) 'temp' already declared in this scope (case32_testing) at prueba.sv(2).
** Error (suppressible): prueba.sv(10): (vlog-2388) 'warning' already declared in this scope (case32_testing) at prueba.sv(2).",211.13405108451843,2048,818
"module case34(input logic [3:0] level, output logic alarm);
    always_comb begin
        case(level)
            4'd0, 4'd1, 4'd2: alarm = 0;   // safe range
            4'd3, 4'd4, 4'd5, 4'd6: alarm = 1; // warning range
            4'd7, 4'd8, 4'd9, 4'd10: alarm = 1; // critical range
            default: alarm = 0;
        endcase
    end
endmodule
","// Assertion property to validate that alarm is set to 0 when level is within 4'd0, 4'd1, or 4'd2
assert property (@(posedge clk) disable iff(!rst_n) (level == 4'd0 || level == 4'd1 || level == 4'd2) |-> alarm === 0);
// Assertion property to validate that alarm is set to 1 when level is within 4'd3, 4'd4, or 4'd5, and also checks the default case
assert property (@(posedge clk) disable iff(!rst_n) (level == 4'd3 || level == 4'd4 || level == 4'd5 || level === 'x) |-> alarm === 1);
// Assertion property to validate that alarm is set to 0 when level is within the range of 4'd7, 4'd8, or 4'd9, and also checks the default case
assert property (@(posedge clk) disable iff(!rst_n) (level == 4'd7 || level == 4'd8 || level == 4'd9 || level === 'x) |-> alarm === 0);","** Error: prueba.sv(9): (vlog-2730) Undefined variable: 'clk'.
** Error: prueba.sv(9): (vlog-2730) Undefined variable: 'rst_n'.",150.2874960899353,2048,408
"module case35(input logic [3:0] digit, output logic display);
    always_comb begin
        case(digit)
            4'd0, 4'd2, 4'd4, 4'd6, 4'd8: display = 1; // even numbers
            4'd1, 4'd3, 4'd5, 4'd7, 4'd9: display = 0; // odd numbers
            default: display = 0;
        endcase
    end
endmodule
","// 1. Assertion Property: D = 0,2,4,6,8 → display = 1
    assert_property(p_display_even) :
        assert (digit == 'b1000 || digit == 'b1010 || digit == 'b1100 || digit == 'b1110 |=> display == 1);
    
    // 2. Assertion Property: D = 1,3,5,7,9 → display = 0
    assert_property(p_display_odd) :
        assert (digit == 'b1001 || digit == 'b1011 || digit == 'b1101 || digit == 'b1111 |=> display == 0);
    
    // 3. Assertion Property: D = [0,9] → display ∈ {0,1} (i.e., valid)
    assert_property(p_display_valid) :
        assert (digit >= 'b1000 && digit <= 'b1111 |=> display == 0 || display == 1);","** Error: (vlog-13069) prueba.sv(9): near "":"": syntax error, unexpected ':', expecting ';'.
** Error: (vlog-13069) prueba.sv(13): near "":"": syntax error, unexpected ':', expecting ';'.
** Error: (vlog-13069) prueba.sv(17): near "":"": syntax error, unexpected ':', expecting ';'.",197.4557340145111,2048,729
"module case40(input logic [3:0] req, output logic [1:0] grant);
    always_comb begin
        case(req)
            4'd1, 4'd2: grant = 2'b00; // low priority
            4'd3, 4'd4, 4'd5: grant = 2'b01; // medium priority
            4'd6, 4'd7: grant = 2'b10; // high priority
            4'd8, 4'd9: grant = 2'b11; // highest priority
            default: grant = 2'b00;
        endcase
    end
endmodule
","property p_req_grant; // Declare a property p_req_grant
@(posedge clk) (req == 4'd1 || req == 4'd2) |=> grant == 2'b00; // Define the property for case 1 and 2 of req
endproperty",** Error: prueba.sv(9): (vlog-2730) Undefined variable: 'clk'.,174.59873986244202,2048,572
"module case41(input int temp, output logic warning);
    always_comb begin
        case(temp)
            0:10: warning = 0;   // safe
            11:20: warning = 1;  // moderate
            21:30: warning = 1;  // high
            default: warning = 1; // out of range
        endcase
    end
endmodule",,OK,184.69950103759768,2048,642
"module case42(input int score, output logic [1:0] grade);
    always_comb begin
        case(score)
            0:49: grade = 2'b00;   // F
            50:69: grade = 2'b01;  // D-C
            70:89: grade = 2'b10;  // B
            90:100: grade = 2'b11; // A
            default: grade = 2'b00; // invalid
        endcase
    end
endmodule
","// 1. Reset Check: State must be IDLE after reset
property p_reset_state;
    @(posedge clk) disable iff (!rst_n)
        !rst_n |=> (state == IDLE);
endproperty","** Error: prueba.sv(11): (vlog-2730) Undefined variable: 'IDLE'.
** Error: prueba.sv(11): (vlog-2730) Undefined variable: 'state'.
** Error: prueba.sv(10): (vlog-2730) Undefined variable: 'rst_n'.
** Error: prueba.sv(10): (vlog-2730) Undefined variable: 'clk'.",217.5930955410004,2048,865
"module case43(input int temp, output logic [1:0] fan_speed);
    always_comb begin
        case(temp)
            0:25: fan_speed = 0;   // off
            26:50: fan_speed = 1;  // low
            51:75: fan_speed = 2;  // medium
            76:100: fan_speed = 3; // high
            default: fan_speed = 0;
        endcase
    end
endmodule
","always_comb begin
    if (temp < 0) assert(fan_speed == '0); // Check for a reset value
end",OK,132.3761990070343,2048,291
"module case44(input int load, output logic [2:0] power);
    always_comb begin
        case(load)
            0:10: power = 3'b001;   // very low
            11:20: power = 3'b010;  // low
            21:50: power = 3'b100;  // medium
            51:100: power = 3'b111; // high
            default: power = 3'b000;
        endcase
    end
endmodule
","property p_power;
    @(posedge clk) disable iff (!rst_n) (load >=  0 && load <= 10 ) |=> (power == 3'b001);
endproperty
assert_power: assert property (p_power);

// Assert for 11 to 20 range of load values
property p_power_1;
    @(posedge clk) disable iff (!rst_n) (load >=  11 && load <= 20 ) |=> (power == 3'b010);
endproperty
assert_power_1: assert property (p_power_1);

// Assert for 21 to 50 range of load values
property p_power_2;
    @(posedge clk) disable iff (!rst_n) (load >=  21 && load <= 50 ) |=> (power == 3'b100);
endproperty
assert_power_2: assert property (p_power_2);

// Assert for 51 to 100 range of load values
property p_power_3;
    @(posedge clk) disable iff (!rst_n) (load >=  51 && load <= 100 ) |=> (power == 3'b111);
endproperty
assert_power_3: assert property (p_power_3);

// Assert for default case of power assignment
property p_power_default;
    @(posedge clk) disable iff (!rst_n) (load >=  0 && load <= 100 ) |=> (power == 3'b000);
endproperty
assert_power_default: assert property (p_power_default);","** Error: prueba.sv(9): (vlog-2730) Undefined variable: 'rst_n'.
** Error: prueba.sv(9): (vlog-2730) Undefined variable: 'clk'.",162.1003885269165,2048,489
"module case48(input int hp, output logic [1:0] status);
    always_comb begin
        case(hp)
            0:25: status = 2'b00;   // critical
            26:50: status = 2'b01;  // weak
            51:75: status = 2'b10;  // healthy
            76:100: status = 2'b11; // full
            default: status = 2'b00;
        endcase
    end
endmodule
","always_comb begin : assertions
    if (hp >= 0 && hp <= 25)   assert(status == 2'b00);
    else if (hp >= 26 && hp <= 50) assert(status == 2'b01);
    else if (hp >= 51 && hp <= 75) assert(status == 2'b10);
    else if (hp >= 76 && hp <= 100) assert(status == 2'b11);
end",OK,119.62162494659424,2048,206
"module fsm51(
    input logic clk, reset,
    output logic state_out
);
    typedef enum logic [0:0] {S0, S1} state_t;
    state_t state, next_state;

    // Next-state logic
    always_comb begin
        case(state)
            S0: next_state = S1;
            S1: next_state = S0;
            default: next_state = S0;
        endcase
    end

    // State register
    always_ff @(posedge clk or posedge reset) begin
        if(reset)
            state <= S0;
        else
            state <= next_state;
    end

    // Output logic (Moore)
    assign state_out = (state == S1);
endmodule
",,OK,117.91640043258668,2048,195
"module fsm52(
    input logic clk, reset, in_bit,
    output logic detected
);
    typedef enum logic [1:0] {IDLE, S1, S2} state_t;
    state_t state, next_state;

    always_comb begin
        case(state)
            IDLE: next_state = (in_bit) ? S1 : IDLE;
            S1:   next_state = (in_bit) ? S2 : IDLE;
            S2:   next_state = (in_bit) ? S2 : IDLE;
            default: next_state = IDLE;
        endcase
    end

    always_ff @(posedge clk or posedge reset) begin
        if(reset) state <= IDLE;
        else state <= next_state;
    end

    assign detected = (state == S2);
endmodule
",,OK,94.05839657783508,2048,30
"module fsm53(
    input logic clk, reset,
    output logic [2:0] light
);
    typedef enum logic [1:0] {RED, GREEN, YELLOW} state_t;
    state_t state, next_state;

    always_comb begin
        case(state)
            RED:    next_state = GREEN;
            GREEN:  next_state = YELLOW;
            YELLOW: next_state = RED;
            default: next_state = RED;
        endcase
    end

    always_ff @(posedge clk or posedge reset) begin
        if(reset) state <= RED;
        else state <= next_state;
    end

    always_comb begin
        case(state)
            RED: light = 3'b100;
            GREEN: light = 3'b001;
            YELLOW: light = 3'b010;
            default: light = 3'b100;
        endcase
    end
endmodule
",,OK,108.2358536720276,2048,123
"module fsm54(
    input logic clk, reset,
    output logic [1:0] count
);
    typedef enum logic [1:0] {C0, C1, C2, C3} state_t;
    state_t state, next_state;

    always_comb begin
        case(state)
            C0: next_state = C1;
            C1: next_state = C2;
            C2: next_state = C3;
            C3: next_state = C0;
            default: next_state = C0;
        endcase
    end

    always_ff @(posedge clk or posedge reset) begin
        if(reset) state <= C0;
        else state <= next_state;
    end

    assign count = state;
endmodule
",,OK,168.24836349487305,2048,532
"module fsm55(
    input logic clk, reset, code_entered,
    output logic unlock
);
    typedef enum logic [1:0] {LOCKED, WAIT, UNLOCKED} state_t;
    state_t state, next_state;

    always_comb begin
        case(state)
            LOCKED: next_state = code_entered ? WAIT : LOCKED;
            WAIT:   next_state = code_entered ? UNLOCKED : LOCKED;
            UNLOCKED: next_state = LOCKED;
            default: next_state = LOCKED;
        endcase
    end

    always_ff @(posedge clk or posedge reset) begin
        if(reset) state <= LOCKED;
        else state <= next_state;
    end

    assign unlock = (state == UNLOCKED);
endmodule
","always_comb begin
    if(reset) assert(state == LOCKED);
    else assert(state == next_state);
end

// Functional Sequence: 01 - LOCKED to WAIT
always_comb begin
    case(state)
        LOCKED: if (code_entered) assert(next_state == WAIT);
                else assert(next_state == LOCKED);
    endcase
end

// Functional Sequence: 02 - WAIT to UNLOCKED
always_comb begin
    case(state)
        WAIT: if (code_entered) assert(next_state == UNLOCKED);
               else assert(next_state == LOCKED);
    endcase
end

// Functional Sequence: 03 - UNLOCKED to LOCKED
always_comb begin
    case(state)
        UNLOCKED: assert(next_state == LOCKED);
    endcase
end

// Check for invalid states
always_comb begin
    case (state)
        LOCKED, WAIT, UNLOCKED: ; // No action taken, as these are valid states.
        default: $error(""Invalid state reached!""); // Alerts the user of an error in the design.
    endcase
end",OK,142.54431128501892,2048,357
"module fsm56(
    input logic clk, reset, coin,
    output logic dispense
);
    typedef enum logic [1:0] {S0, S1, S2} state_t;
    state_t state, next_state;

    always_comb begin
        case(state)
            S0: next_state = coin ? S1 : S0;
            S1: next_state = coin ? S2 : S1;
            S2: next_state = S0;
            default: next_state = S0;
        endcase
    end

    always_ff @(posedge clk or posedge reset) begin
        if(reset) state <= S0;
        else state <= next_state;
    end

    assign dispense = (state == S2);
endmodule
","property p_reset_state;
          @(posedge clk) disable iff (reset) state == '0 |=> next_state == S0;
      endproperty
    
      assert_state_update: assert property (p_reset_state);",OK,190.1181666851044,2048,681
"module fsm57(
    input logic clk, reset, start,
    output logic a, b
);
    typedef enum logic [1:0] {IDLE, STATE1, STATE2} state_t;
    state_t state, next_state;

    always_comb begin
        case(state)
            IDLE: next_state = start ? STATE1 : IDLE;
            STATE1: next_state = STATE2;
            STATE2: next_state = IDLE;
            default: next_state = IDLE;
        endcase
    end

    always_ff @(posedge clk or posedge reset) begin
        if(reset) state <= IDLE;
        else state <= next_state;
    end

    always_comb begin
        case(state)
            IDLE:   begin a=0; b=0; end
            STATE1: begin a=1; b=0; end
            STATE2: begin a=0; b=1; end
            default: begin a=0; b=0; end
        endcase
    end
endmodule
",,OK,107.74412727355956,2048,117
"module fsm59(
    input logic clk, reset, trigger,
    output logic done
);
    typedef enum logic [1:0] {IDLE, BUSY, DONE} state_t;
    state_t state, next_state;
    logic [3:0] counter;

    always_comb begin
        case(state)
            IDLE:   next_state = trigger ? BUSY : IDLE;
            BUSY:   next_state = (counter==4'd10) ? DONE : BUSY;
            DONE:   next_state = IDLE;
            default: next_state = IDLE;
        endcase
    end

    always_ff @(posedge clk or posedge reset) begin
        if(reset) begin
            state <= IDLE;
            counter <= 0;
        end else begin
            state <= next_state;
            if(state==BUSY) counter <= counter+1;
            else counter <= 0;
        end
    end

    assign done = (state==DONE);
endmodule
","// 1. State Transition Checks:
assert_reset_state: assert property(p_reset_state);
    @ (posedge clk) disable iff (!rst_n)
    ($rose(rst_n)) |=> state == IDLE;
endproperty

assert_idle_busy: assert property(p_idle_to_busy);
    @ (posedge clk) disable iff (!rst_n)
    (state == IDLE && trigger) |=> (state == BUSY);
endproperty

assert_busy_done: assert property(p_busy_to_done);
    @ (posedge clk) disable iff (!rst_n)
    state == BUSY && counter == 4'd10 |=> state == DONE;
endproperty

assert_done_idle: assert property(p_done_to_idle);
    @ (posedge clk) disable iff (!rst_n)
    state == DONE |=> state == IDLE;
endproperty

// 2. Next State Logic Checks:
always_comb begin
    case(state)
        IDLE: next_state = trigger ? BUSY : IDLE;
        BUSY: next_state = (counter==4'd10) ? DONE : BUSY;
        default: next_state = IDLE; // Ensures state doesn't enter an undefined encoding
    endcase
end","** Error: (vlog-13069) prueba.sv(16): near ""@"": syntax error, unexpected '@'.
** Error: prueba.sv(39): 'BUSY' already exists - must not be redefined.
** Error: (vlog-13069) prueba.sv(39): near ""next_state"": syntax error, unexpected IDENTIFIER, expecting ""SystemVerilog keyword 'assert' "" or ""SystemVerilog keyword 'assume' "" or restrict .",176.681813955307,2048,585
"module fsm60(
    input logic clk, reset, in_bit,
    output logic detected
);
    typedef enum logic [1:0] {S0, S1, S2} state_t;
    state_t state, next_state;

    always_comb begin
        case(state)
            S0: next_state = in_bit ? S1 : S0;
            S1: next_state = in_bit ? S2 : S0;
            S2: next_state = in_bit ? S2 : S0;
            default: next_state = S0;
        endcase
    end

    always_ff @(posedge clk or posedge reset) begin
        if(reset) state <= S0;
        else state <= next_state;
    end

    always_comb begin
        case({state, in_bit})
            {S2,1'b0}: detected = 1; // pattern detected
            default: detected = 0;
        endcase
    end
endmodule
",,OK,3114.6399278640747,2048,20480
"module case61(
    input logic sel,
    input logic a, b,
    output logic y
);
    always_comb begin
        case(sel)
            1'b0: y = a;
            1'b1: y = b;
        endcase
    end
endmodule
",,OK,108.51677060127258,2048,126
"module case62(
    input logic [1:0] sel,
    input logic [3:0] data,
    output logic y
);
    always_comb begin
        case(sel)
            2'b00: y = data[0];
            2'b01: y = data[1];
            2'b10: y = data[2];
            2'b11: y = data[3];
        endcase
    end
endmodule
","always_comb begin
    case(sel)
        2'b00: assert (y == data[0]);
        2'b01: assert (y == data[1]);
        2'b10: assert (y == data[2]);
        2'b11: assert (y == data[3]);
    endcase
end",OK,111.49802947044373,2048,147
"module case63(
    input logic [1:0] op,
    input logic [3:0] a, b,
    output logic [3:0] result
);
    always_comb begin
        case(op)
            2'b00: result = a + b;
            2'b01: result = a - b;
            2'b10: result = a & b;
            2'b11: result = a | b;
        endcase
    end
endmodule
","always_comb begin : assertions
    if (op == 'd0) assert(result == a + b);
    else if (op == 'd1) assert(result == a - b);
    else if (op == 'd2) assert(result == a & b);
    else if (op == 'd3) assert(result == a | b);
end : assertions",OK,111.26055526733398,2048,146
"module case64(
    input logic [3:0] req,
    output logic [1:0] grant
);
    always_comb begin
        case(req)
            4'b0001: grant = 2'b00;
            4'b0010: grant = 2'b01;
            4'b0100: grant = 2'b10;
            4'b1000: grant = 2'b11;
            default: grant = 2'b00;
        endcase
    end
endmodule
",,OK,366.01875019073486,2048,1874
"module case65(
    input logic [3:0] val,
    output logic match
);
    always_comb begin
        case(val)
            4'd1, 4'd3, 4'd5, 4'd7: match = 1; // selected values
            default: match = 0;
        endcase
    end
endmodule
",,OK,132.08371329307556,2048,285
"module case67(
    input logic [1:0] gray,
    output logic [1:0] bin
);
    always_comb begin
        case(gray)
            2'b00: bin = 2'b00;
            2'b01: bin = 2'b01;
            2'b11: bin = 2'b10;
            2'b10: bin = 2'b11;
        endcase
    end
endmodule
",,OK,112.87144136428832,2048,158
"module case68(
    input logic [3:0] num,
    output logic even
);
    always_comb begin
        case(num[0])
            1'b0: even = 1;
            1'b1: even = 0;
        endcase
    end
endmodule
","always_comb begin
        case(num[0])
            1'b0: even = 1;
            1'b1: even = 0;
        endcase
    end","** Error: prueba.sv(11): (vlog-2110) Illegal reference to net ""even"".
** Error: prueba.sv(12): (vlog-2110) Illegal reference to net ""even"".",125.74693083763124,2048,245
"module case69(
    input logic [1:0] sel,
    output logic [3:0] leds
);
    always_comb begin
        case(sel)
            2'b00: leds = 4'b0001;
            2'b01: leds = 4'b0010;
            2'b10: leds = 4'b0100;
            2'b11: leds = 4'b1000;
        endcase
    end
endmodule
",,OK,127.75918889045715,2048,260
"module case70(
    input logic [1:0] op,
    input logic [3:0] a, b,
    output logic [7:0] result
);
    always_comb begin
        case(op)
            2'b00: result = a + b;
            2'b01: result = a - b;
            2'b10: result = a * b;
            2'b11: result = a / (b != 0 ? b : 1);
        endcase
    end
endmodule
",,OK,152.9629626274109,2048,428
"module seq_case71(
    input logic clk, reset,
    output logic [1:0] count
);
    always_ff @(posedge clk or posedge reset) begin
        if(reset)
            count <= 2'b00;
        else
            case(count)
                2'b00: count <= 2'b01;
                2'b01: count <= 2'b10;
                2'b10: count <= 2'b11;
                2'b11: count <= 2'b00;
                default: count <= 2'b00;
            endcase
    end
endmodule
","always_ff @(posedge clk or posedge reset) begin
if (reset) begin
    assert property (@(negedge clk) disable iff(reset) (count == 'b0));
end else begin
case (count)
    2'b00: assert property (@(negedge clk) disable iff(!reset) (count == 2'b01));
    2'b01: assert property (@(negedge clk) disable iff(!reset) (count == 2'b10));
    2'b10: assert property (@(negedge clk) disable iff(!reset) (count == 2'b11));
    2'b11: assert property (@(negedge clk) disable iff(!reset) (count == 2'b00));
    default: assert property (@(negedge clk) disable iff(!reset) (count == 'b0));
endcase
end
end",OK,142.52003598213196,2048,351
"module seq_case72(
    input logic clk, reset,
    output logic [1:0] state
);
    always_ff @(posedge clk or posedge reset) begin
        if(reset)
            state <= 2'b00;
        else
            case(state)
                2'b00: state <= 2'b01;
                2'b01: state <= 2'b10;
                2'b10: state <= 2'b00;
                default: state <= 2'b00;
            endcase
    end
endmodule
",,OK,90.4489016532898,2048,4
"module seq_case73(
    input logic clk, reset, serial_in,
    output logic [3:0] q
);
    always_ff @(posedge clk or posedge reset) begin
        if(reset)
            q <= 4'b0000;
        else
            case(q)
                default: q <= {q[2:0], serial_in}; // shift left
            endcase
    end
endmodule
",,OK,101.87650847434998,2048,80
"module seq_case74(
    input logic clk, reset, in_bit,
    output logic detected
);
    typedef enum logic [1:0] {S0, S1, S2} state_t;
    state_t state, next_state;

    always_comb begin
        case(state)
            S0: next_state = in_bit ? S1 : S0;
            S1: next_state = in_bit ? S2 : S0;
            S2: next_state = in_bit ? S2 : S0;
            default: next_state = S0;
        endcase
    end

    always_ff @(posedge clk or posedge reset) begin
        if(reset) state <= S0;
        else state <= next_state;
    end

    assign detected = (state == S2);
endmodule
",,OK,93.94338130950928,2048,28
"module seq_case75(
    input logic clk, reset, enable,
    output logic [3:0] count
);
    always_ff @(posedge clk or posedge reset) begin
        if(reset)
            count <= 4'b0000;
        else
            case(enable)
                1'b0: count <= count;      // hold
                1'b1: count <= count + 1;  // increment
                default: count <= 4'b0000;
            endcase
    end
endmodule
",,OK,145.03086948394775,2048,377
"module seq_case76(
    input logic clk, reset, start,
    output logic a, b
);
    typedef enum logic [1:0] {IDLE, STATE1, STATE2} state_t;
    state_t state, next_state;

    always_comb begin
        case(state)
            IDLE: next_state = start ? STATE1 : IDLE;
            STATE1: next_state = STATE2;
            STATE2: next_state = IDLE;
            default: next_state = IDLE;
        endcase
    end

    always_ff @(posedge clk or posedge reset) begin
        if(reset) state <= IDLE;
        else state <= next_state;
    end

    always_ff @(posedge clk) begin
        case(state)
            IDLE: begin a<=0; b<=0; end
            STATE1: begin a<=1; b<=0; end
            STATE2: begin a<=0; b<=1; end
            default: begin a<=0; b<=0; end
        endcase
    end
endmodule
","// 1. State transition assertion property
    always_ff @(posedge clk or posedge reset) begin : state_transition
        if (reset) assert(state == IDLE);
        else assert(state == next_state);
    end
    
    // 2. State-dependent output assignments
    always_comb begin : outputs
        case (state)
            IDLE: begin
                assert(a == '0 && b == '0);
            end
            STATE1: begin
                assert(a == 1'b1 && b == '0);
            end
            STATE2: begin
                assert(a == '0 && b == 1'b1);
            end
            default: begin
                assert(state == IDLE);
            end
        endcase
    end
    
    // 3. Next state logic assertion property
    always_comb begin : next_state_logic
        case (state)
            IDLE: begin
                if (start) assert(next_state == STATE1);
                else       assert(next_state == IDLE);
            end
            STATE1: begin
                          assert(next_state == STATE2);
            end
            STATE2: begin
                        assert(next_state == IDLE);
            end
            default: begin
                assert(next_state == IDLE);
            end
        endcase
    end",OK,143.9192841053009,2048,370
"module seq_case79(
    input logic clk, reset, start,
    output logic x, y
);
    typedef enum logic [1:0] {IDLE, S1, S2} state_t;
    state_t state, next_state;

    always_comb begin
        case(state)
            IDLE: next_state = start ? S1 : IDLE;
            S1: next_state = S2;
            S2: next_state = IDLE;
            default: next_state = IDLE;
        endcase
    end

    always_ff @(posedge clk or posedge reset) begin
        if(reset) state <= IDLE;
        else state <= next_state;
    end

    always_ff @(posedge clk) begin
        case(state)
            IDLE: x<=0; y<=0;
            S1: x<=1; y<=0;
            S2: x<=0; y<=1;
            default: x<=0; y<=0;
        endcase
    end
endmodule
",,OK,116.2483127117157,2048,179
"module seq_case80(
    input logic clk, reset, sensor,
    output logic alarm
);
    typedef enum logic [1:0] {SAFE, WARN, DANGER} state_t;
    state_t state, next_state;

    always_comb begin
        case(state)
            SAFE: next_state = sensor ? WARN : SAFE;
            WARN: next_state = sensor ? DANGER : SAFE;
            DANGER: next_state = SAFE;
            default: next_state = SAFE;
        endcase
    end

    always_ff @(posedge clk or posedge reset) begin
        if(reset) state <= SAFE;
        else state <= next_state;
    end

    always_ff @(posedge clk) begin
        case(state)
            SAFE: alarm <= 0;
            WARN: alarm <= 0;
            DANGER: alarm <= 1;
            default: alarm <= 0;
        endcase
    end
endmodule
","always_comb begin
        if (state == SAFE) assert(alarm == '0);
        else if (state == WARN) assert(alarm == '0);
        else if (state == DANGER) assert(alarm == 1'b1);
    end",OK,162.44984817504883,2048,419
"module nested_case_1(input logic [1:0] op, func, input logic [7:0] a,b, output logic [7:0] y);
always_comb begin
  case(op)
    2'b00: begin
      case(func)
        2'b00: y = a + b;
        2'b01: y = a - b;
        default: y = 0;
      endcase
    end
    2'b01: y = a & b;
    default: y = 8'h00;
  endcase
end
endmodule","// Assertion Directives
always_comb begin : case1_assertions
    // Assert properties that check functional sequences (FSM) in each case section.
    if (op == 2'b00) begin
        case(func)
            2'b00: assert property (y == a + b);
            2'b01: assert property (y == a - b);
            default: assert property (y == 8'h00); // Ensures that all cases are covered.
        endcase
    end else if (op == 2'b01) begin
        assert property (y == a & b);
    end else begin
        assert property (y == 8'h00); // Ensures that all cases are covered.
    end
end : case1_assertions","** Error (suppressible): prueba.sv(13): (vlog-1957) The sva directive is not sensitive to a clock. Unclocked directives are not supported.
** Error (suppressible): prueba.sv(14): (vlog-1957) The sva directive is not sensitive to a clock. Unclocked directives are not supported.
** Error (suppressible): prueba.sv(15): (vlog-1957) The sva directive is not sensitive to a clock. Unclocked directives are not supported.
** Error (suppressible): prueba.sv(18): (vlog-1957) The sva directive is not sensitive to a clock. Unclocked directives are not supported.
** Error (suppressible): prueba.sv(20): (vlog-1957) The sva directive is not sensitive to a clock. Unclocked directives are not supported.",142.64804649353027,2048,271
"module nested_case_2(input logic [2:0] mode, sel, output logic [3:0] y);
always_comb begin
  case(mode)
    3'b000: begin
      case(sel)
        3'b000: y = 1;
        3'b001: y = 2;
        default: y = 0;
      endcase
    end
    3'b001: y = 4;
    default: y = 0;
  endcase
end
endmodule
","always_comb begin : comb_proc
  if (mode == 3'b000) begin // Check for mode=000
    case(sel)
      3'b000: assert(y == 1); // If sel=000, y should be 1
      3'b001: assert(y == 2); // If sel=001, y should be 2
      default: assert(y == 0); // Any other value of sel should result in y = 0
    endcase
  end else if (mode == 3'b001) begin // Check for mode=001
    assert(y == 4);              // If mode=001, y should be 4
  end else begin                   // Any other value of mode
    assert(y == 0);               // Should result in y = 0
  end
end : comb_proc",OK,169.86413836479187,2048,447
"module nested_case_3(input logic [1:0] a,b,c, output logic y);
always_comb begin
  case(a)
    2'b00: begin
      case(b)
        2'b00: y = c[0];
        2'b01: y = c[1];
        default: y = 0;
      endcase
    end
    default: y = 1;
  endcase
end
endmodule
","// 1. Create properties for the 'a' and 'b' cases
property p_case_a;
    @(posedge clk) disable iff (!rstn) (a == 2'b00 && b == 2'b00) |=> (y == c[0]);
endproperty
assert property (p_case_a);
property p_case_b;
    @(posedge clk) disable iff (!rstn) (a == 2'b00 && b == 2'b01) |=> (y == c[1]);
endproperty
assert property (p_case_b);
// 2. Assert that 'y == c[0]' when 'a == 2'b00 && b == 2'b00'
always_comb begin
    if (a == 2'b00 && b == 2'b00) assert(y == c[0]);
end
// 3. Assert that 'y == c[1]' when 'a == 2'b00 && b == 2'b01'
always_comb begin
    if (a == 2'b00 && b == 2'b01) assert(y == c[1]);
end
// 4. Assert that 'y == 0' when 'a == 2'b00 && b != 2'b00 && b != 2'b01'
always_comb begin
    if (a == 2'b00) assert(b != 2'b00 && b != 2'b01);
end
// 5. Assert that 'y == 1' when 'a != 2'b00'
always_comb begin
    if (a != 2'b00) assert(y == 1);
end","** Error: prueba.sv(10): (vlog-2730) Undefined variable: 'rstn'.
** Error: prueba.sv(10): (vlog-2730) Undefined variable: 'clk'.",197.56764483451843,2048,599
"module nested_case_4(input logic [3:0] op, input logic [1:0] sub, output logic [3:0] y);
always_comb begin
  case(op)
    4'h0: begin
      case(sub)
        2'b00: y = 4'h1;
        2'b01: y = 4'h2;
        default: y = 4'h0;
      endcase
    end
    4'h1: y = 4'hF;
    default: y = 0;
  endcase
end
endmodule
","// 1. Functional Sequence: OP == 0x0
    property p_op_0;
        @(posedge clk) disable iff (!rst_n)
        (op == 4'h0 && sub == 2'b00) |=> (y == 4'h1);
    endproperty
    
    // 2. Functional Sequence: OP == 0x0, SUB == 0x01
    property p_op_sub_0;
        @(posedge clk) disable iff (!rst_n)
        (op == 4'h0 && sub == 2'b01) |=> (y == 4'h2);
    endproperty
    
    // 3. Functional Sequence: OP == 0x0, SUB != {00, 01}
    property p_op_sub_default;
        @(posedge clk) disable iff (!rst_n)
        (op == 4'h0 && sub != 2'b00 && sub != 2'b01) |=> (y == 4'h0);
    endproperty
    
    // 4. Functional Sequence: OP == 0x1, SUB *
    property p_op_1;
        @(posedge clk) disable iff (!rst_n)
        (op == 4'h1) |=> (y == 4'hF);
    endproperty
    
    // 5. Functional Sequence: OP != {0x0, 0x1}, SUB *
    property p_op_default;
        @(posedge clk) disable iff (!rst_n)
        (op != 4'h0 && op != 4'h1) |=> (y == 4'h0);
    endproperty
    
    // Assertion Directives
    assert_op_0:           assert property(p_op_0);
    assert_op_sub_0:       assert property(p_op_sub_0);
    assert_op_sub_default: assert property(p_op_sub_default);
    assert_op_1:           assert property(p_op_1);
    assert_op_default:     assert property(p_op_default);","** Error: prueba.sv(10): (vlog-2730) Undefined variable: 'rst_n'.
** Error: prueba.sv(10): (vlog-2730) Undefined variable: 'clk'.",212.26175904273987,2048,705
"module nested_case_5(input logic [1:0] s1,s2, output logic y);
always_comb begin
  case(s1)
    2'b00: begin
      case(s2)
        2'b00: y = 1;
        2'b01: y = 0;
        default: y = 0;
      endcase
    end
    2'b01: y = 1;
    default: y = 0;
  endcase
end
endmodule
",,OK,118.60353326797484,2048,132
"module nested_case_6(input logic [2:0] a,b, output logic [2:0] y);
always_comb begin
  case(a)
    3'b001: begin
      case(b)
        3'b001: y = 3'b111;
        3'b010: y = 3'b000;
        default: y = 3'b001;
      endcase
    end
    default: y = 0;
  endcase
end
endmodule
",,OK,116.50867128372192,2048,109
"module nested_case_7(input logic [1:0] a,b,c, output logic [1:0] y);
always_comb begin
  case(a)
    2'b00: begin
      case(b)
        2'b00: y = c;
        default: y = 2'b00;
      endcase
    end
    default: y = 2'b11;
  endcase
end
endmodule
",,OK,182.11997365951535,2048,497
"module nested_case_8(input logic [3:0] a, input logic [1:0] b, output logic y);
always_comb begin
  case(a)
    4'hA: begin
      case(b)
        2'b00: y = 1;
        default: y = 0;
      endcase
    end
    default: y = 0;
  endcase
end
endmodule
","property p_assertion;
        @(posedge clk) disable iff (!rst_n);
        case(a)
            4'hA: begin
                case(b)
                    2'b00: assert(y == 1);
                    default: assert(y == 0);
                endcase
            end
            default: assert(y == 0);
        endcase
    endproperty
    
    a_assert : assert property (p_assertion) else $error(""Error"");","** Error: (vlog-13069) prueba.sv(9): near "";"": syntax error, unexpected ';'.
** Error: (vlog-13069) prueba.sv(13): near ""("": syntax error, unexpected '(', expecting ""SystemVerilog keyword 'property'"".
** Error: (vlog-13069) prueba.sv(14): near ""("": syntax error, unexpected '(', expecting ""SystemVerilog keyword 'property'"".
** Error: (vlog-13069) prueba.sv(17): near ""("": syntax error, unexpected '(', expecting ""SystemVerilog keyword 'property'"".",158.80132794380188,2048,351
"module nested_case_9(input logic [1:0] x,y, output logic z);
always_comb begin
  case(x)
    2'b01: begin
      case(y)
        2'b10: z = 1;
        default: z = 0;
      endcase
    end
    default: z = 0;
  endcase
end
endmodule
",,OK,224.65825247764587,2048,783
"module nested_case_10(input logic [2:0] a,b, output logic y);
always_comb begin
  case(a)
    3'b100: begin
      case(b)
        3'b001: y = 1;
        default: y = 0;
      endcase
    end
    default: y = 0;
  endcase
end
endmodule
",,OK,172.55204558372498,2048,464
"module ff_case_1(input logic clk, rst, toggle, output logic state);
always_ff @(posedge clk or posedge rst) begin
  if (rst) state <= 0;
  else begin
    case(state)
      1'b0: if (toggle) state <= 1;
      1'b1: if (toggle) state <= 0;
    endcase
  end
end
endmodule
",,OK,128.95646786689758,2048,188
"module ff_case_2(input logic clk, rst, start, done, output logic [1:0] state);
always_ff @(posedge clk or posedge rst) begin
  if (rst) state <= 2'b00;
  else begin
    case(state)
      2'b00: if (start) state <= 2'b01;
      2'b01: if (done)  state <= 2'b00;
      default: state <= 2'b00;
    endcase
  end
end
endmodule
","@(posedge clk) if (rst) assert property ((state == 2'b00)) else $error(""Reset Condition Not Met"");","** Error: (vlog-13069) prueba.sv(8): near ""@"": syntax error, unexpected '@'.",218.50594115257263,2048,743
"module ff_case_3(input logic clk, rst, err, output logic bad);
always_ff @(posedge clk or posedge rst) begin
  if (rst) bad <= 0;
  else begin
    case(bad)
      1'b0: if (err) bad <= 1;
      1'b1: bad <= 1;
    endcase
  end
end
endmodule
",,OK,134.9884741306305,2048,218
"module ff_case_4(input logic clk, rst, input logic [1:0] mode, output logic [3:0] cnt);
always_ff @(posedge clk or posedge rst) begin
  if (rst) cnt <= 0;
  else begin
    case(mode)
      2'b00: cnt <= cnt;
      2'b01: cnt <= cnt + 1;
      2'b10: cnt <= cnt - 1;
      default: cnt <= 0;
    endcase
  end
end
endmodule
",,OK,182.63586401939392,2048,513
"module ff_case_5(input logic clk, rst, load, input logic [7:0] d, output logic [7:0] q);
always_ff @(posedge clk or posedge rst) begin
  if (rst) q <= 0;
  else begin
    case(load)
      1'b0: q <= q;
      1'b1: q <= d;
    endcase
  end
end
endmodule
",,OK,137.04775643348694,2048,231
"module ff_case_6(input logic clk, rst, timer, output logic [1:0] light);
always_ff @(posedge clk or posedge rst) begin
  if (rst) light <= 2'b00;
  else begin
    case(light)
      2'b00: if (timer) light <= 2'b01;
      2'b01: if (timer) light <= 2'b10;
      2'b10: if (timer) light <= 2'b00;
      default: light <= 2'b00;
    endcase
  end
end
endmodule
","// Properties for initial state (after reset)
property p_initial;
@(posedge clk) disable iff (rst) $rose(rst) |=> light == 2'b00;
endproperty

// Properties for each case statement
property p_red;
@(posedge clk) disable iff (rst) (light == 2'b00 && timer) |=> light == 2'b01;
endproperty
property p_yellow;
@(posedge clk) disable iff (rst) (light == 2'b01 && timer) |=> light == 2'b10;
endproperty
property p_green;
@(posedge clk) disable iff (rst) (light == 2'b10 && timer) |=> light == 2'b00;
endproperty
property p_default;
@(posedge clk) disable iff (rst) $fell(timer) |=> light == 2'b00;
endproperty

// Assertions for the properties
assert_initial: assert property (p_initial);
assert_red: assert property (p_red);
assert_yellow: assert property (p_yellow);
assert_green: assert property (p_green);
assert_default: assert property (p_default);",OK,166.5079207420349,2048,429
"module ff_case_7(input logic clk, rst, stall, output logic [1:0] state);
always_ff @(posedge clk or posedge rst) begin
  if (rst) state <= 2'b00;
  else begin
    case(state)
      2'b00: state <= stall ? 2'b00 : 2'b01;
      2'b01: state <= stall ? 2'b01 : 2'b10;
      2'b10: state <= 2'b00;
      default: state <= 2'b00;
    endcase
  end
end
endmodule
",,OK,96.76577591896056,2048,2
"module ff_case_8(input logic clk, rst, en, input logic [3:0] d, output logic [3:0] q);
always_ff @(posedge clk or posedge rst) begin
  if (rst) q <= 0;
  else begin
    case(en)
      1'b1: q <= d;
      1'b0: q <= q;
    endcase
  end
end
endmodule
","// Assertion Directives for Reset Check and Functional Sequence
assert_reset: assert property (p_reset) else $error($sformatf(""Reset Failure""));
assert_sequence: assert property (p_seq) else $error($sformatf(""Functional Sequence Failure""));

// Properties: Reset Check and Functional Sequence
property p_reset;
    @(posedge clk or posedge rst) disable iff (!rst) 1'b0 |=> q == '0;
endproperty

property p_seq;
    @(posedge clk or posedge rst) disable iff (!rst) en == 1'b1 |=> ##[1:$] (q == d);
endproperty",OK,200.16145062446597,2048,629
"module ff_case_9(input logic clk, rst, inc, output logic [2:0] cnt);
always_ff @(posedge clk or posedge rst) begin
  if (rst) cnt <= 0;
  else begin
    case(cnt)
      3'b111: cnt <= cnt;
      default: if (inc) cnt <= cnt + 1;
    endcase
  end
end
endmodule
","always_comb begin
if(cnt == 3'b111) assert(next_cnt == cnt); // Default value when cnt is 7
else if (inc && !rst) assert(next_cnt == cnt + 1'd1); // If inc, cnt increases by 1
end",** Error: prueba.sv(9): (vlog-2730) Undefined variable: 'next_cnt'.,123.17425274848938,2048,146
"module ff_case_10(input logic clk, rst, fail, output logic [1:0] state);
always_ff @(posedge clk or posedge rst) begin
  if (rst) state <= 2'b00;
  else begin
    case(state)
      2'b00: state <= 2'b01;
      2'b01: state <= fail ? 2'b10 : 2'b00;
      2'b10: state <= 2'b01;
      default: state <= 2'b00;
    endcase
  end
end
endmodule
","always_ff @(posedge clk or posedge rst) begin
  if (rst) state <= 2'b00;
  else begin
    case(state)
      2'b00: state <= 2'b01;
      2'b01: state <= fail ? 2'b10 : 2'b00;
      2'b10: state <= 2'b01;
      default: state <= 2'b00;
    endcase
  end
end","** Error: prueba.sv(9): (vlog-2110) Illegal reference to net ""state"".
** Error: prueba.sv(12): (vlog-2110) Illegal reference to net ""state"".
** Error: prueba.sv(13): (vlog-2110) Illegal reference to net ""state"".
** Error: prueba.sv(14): (vlog-2110) Illegal reference to net ""state"".
** Error: prueba.sv(15): (vlog-2110) Illegal reference to net ""state"".",216.64357781410217,2048,729
"module multi_case_1(input logic [1:0] sel, output logic en, valid);
always_comb begin
  case(sel)
    2'b00: begin en = 0; valid = 0; end
    2'b01: begin en = 1; valid = 0; end
    2'b10: begin en = 1; valid = 1; end
    default: begin en = 0; valid = 0; end
  endcase
end
endmodule","// Assertions for en signal
always_comb begin : assert_en_signal_1
    if (sel == 2'b00)   assert(en == 0);
end

always_comb begin : assert_en_signal_2
    if (sel == 2'b01)   assert(en == 1);
end

always_comb begin : assert_en_signal_3
    if (sel == 2'b10)   assert(en == 1);
end

// Assertions for valid signal
always_comb begin : assert_valid_signal_1
    if (sel == 2'b00)   assert(valid == 0);
end

always_comb begin : assert_valid_signal_2
    if (sel == 2'b01)   assert(valid == 0);
end

always_comb begin : assert_valid_signal_3
    if (sel == 2'b10)   assert(valid == 1);
end",OK,146.74610471725464,2048,307
"module multi_case_2(input logic [1:0] op, output logic we, mode);
always_comb begin
  case(op)
    2'b00: begin we = 0; mode = 0; end
    2'b01: begin we = 1; mode = 0; end
    2'b10: begin we = 1; mode = 1; end
    default: begin we = 0; mode = 0; end
  endcase
end
endmodule
","property p_reset_state;
    @(posedge clk) disable iff (!rst_n) (state == IDLE);
endproperty

property p_run_to_done;
    @(posedge clk) disable iff (!rst_n) (state == RUN && done) |-> state == DONE;
endproperty

property p_done_to_idle;
    @(posedge clk) disable iff (!rst_n) (state == DONE) |-> state == IDLE;
endproperty","** Error: prueba.sv(9): (vlog-2730) Undefined variable: 'IDLE'.
** Error: prueba.sv(9): (vlog-2730) Undefined variable: 'state'.
** Error: prueba.sv(9): (vlog-2730) Undefined variable: 'rst_n'.
** Error: prueba.sv(9): (vlog-2730) Undefined variable: 'clk'.",248.84272694587708,2048,926
"module multi_case_3(input logic [1:0] state, output logic ready, valid);
always_comb begin
  case(state)
    2'b00: begin ready = 1; valid = 0; end
    2'b01: begin ready = 0; valid = 1; end
    default: begin ready = 0; valid = 0; end
  endcase
end
endmodule
",,OK,119.79807806015016,2048,121
"module multi_case_4(input logic [1:0] code, output logic err, halt);
always_comb begin
  case(code)
    2'b00: begin err = 0; halt = 0; end
    2'b01: begin err = 1; halt = 0; end
    2'b10: begin err = 1; halt = 1; end
    default: begin err = 0; halt = 0; end
  endcase
end
endmodule
","always_comb begin
if (code == 2'b00) begin
assert(err == 0 && halt == 0);
end else if (code == 2'b01) begin
assert(err == 1 && halt == 0);
end else if (code == 2'b10) begin
assert(err == 1 && halt == 1);
end else begin
// Default case: code = 2'bXX or unknown.
assert(err == 'x && halt == 'x);
end
end",OK,259.82938385009766,2048,970
"module multi_case_5(input logic [2:0] cmd, output logic rd, wr, busy);
always_comb begin
  case(cmd)
    3'b000: begin rd=0; wr=0; busy=0; end
    3'b001: begin rd=1; wr=0; busy=1; end
    3'b010: begin rd=0; wr=1; busy=1; end
    default: begin rd=0; wr=0; busy=0; end
  endcase
end
endmodule
","// Define properties for each state of the FSM case statement
property p_rd0wr0busy0; // rd=0, wr=0, busy=0
@(posedge clk) (cmd == 3'b000) |=> (rd==0 && wr==0 && busy==0); endproperty

property p_rd1wr0busy1; // rd=1, wr=0, busy=1
@(posedge clk) (cmd == 3'b001) |=> (rd==1 && wr==0 && busy==1); endproperty

property p_rd0wr1busy1; // rd=0, wr=1, busy=1
@(posedge clk) (cmd == 3'b010) |=> (rd==0 && wr==1 && busy==1); endproperty

property p_default;     // default state
@(posedge clk) (cmd == 3'bxxx) |=> (rd==0 && wr==0 && busy==0); endproperty

// Assert properties for each state of the FSM case statement
assert property (p_rd0wr0busy0) else $error(""Error: cmd 3'b000, expected rd=0, wr=0, busy=0"");
assert property (p_rd1wr0busy1) else $error(""Error: cmd 3'b001, expected rd=1, wr=0, busy=1"");
assert property (p_rd0wr1busy1) else $error(""Error: cmd 3'b010, expected rd=0, wr=1, busy=1"");
assert property (p_default)     else $error(""Error: default state, expected rd=0, wr=0, busy=0"");","** Error: prueba.sv(10): (vlog-2730) Undefined variable: 'clk'.
** Error: prueba.sv(13): (vlog-2730) Undefined variable: 'clk'.
** Error: prueba.sv(16): (vlog-2730) Undefined variable: 'clk'.
** Error: prueba.sv(19): (vlog-2730) Undefined variable: 'clk'.
** Error (suppressible): prueba.sv(22): (vlog-1957) The sva directive is not sensitive to a clock. Unclocked directives are not supported.
** Error (suppressible): prueba.sv(23): (vlog-1957) The sva directive is not sensitive to a clock. Unclocked directives are not supported.
** Error (suppressible): prueba.sv(24): (vlog-1957) The sva directive is not sensitive to a clock. Unclocked directives are not supported.
** Error (suppressible): prueba.sv(25): (vlog-1957) The sva directive is not sensitive to a clock. Unclocked directives are not supported.
** Error: prueba.sv(10): (vlog-2730) Undefined variable: 'clk'.",182.2989091873169,2048,489
"module multi_case_6(input logic [1:0] pwr, output logic core_on, io_on);
always_comb begin
  case(pwr)
    2'b00: begin core_on=0; io_on=0; end
    2'b01: begin core_on=1; io_on=0; end
    2'b10: begin core_on=1; io_on=1; end
    default: begin core_on=0; io_on=0; end
  endcase
end
endmodule
","always_comb begin : mux_fsm
    case (pwr)
        2'b00: begin core_on=0; io_on=0; end
        2'b01: begin core_on=1; io_on=0; end
        2'b10: begin core_on=1; io_on=1; end
        default: begin core_on=0; io_on=0; end
    endcase
end

// 1. Reset Check: Core On and IO ON signals must be low after reset
property p_reset_core_io;
    @(posedge clk) disable iff (!rst_n)
        (pwr == '0) |=> (core_on === '0 && io_on === '0);
endproperty
assert_core_io: assert property (p_reset_core_io);

// 2. State Transition Check: Core On and IO ON signals must follow the next_state logic
property p_next_state_update;
    @(posedge clk) disable iff (!rst_n)
        ((pwr == '0 && core_on === '1 && io_on === '0) || (pwr == '1 && core_on === '1 && io_on === '0)) |=> 
        ((core_on == $past(next_state[0]) && io_on == $past(next_state[1])));
endproperty
assert_update: assert property (p_next_state_update);","** Error: prueba.sv(10): (vlog-2110) Illegal reference to net ""core_on"".
** Error: prueba.sv(10): (vlog-2110) Illegal reference to net ""io_on"".
** Error: prueba.sv(11): (vlog-2110) Illegal reference to net ""core_on"".
** Error: prueba.sv(11): (vlog-2110) Illegal reference to net ""io_on"".
** Error: prueba.sv(12): (vlog-2110) Illegal reference to net ""core_on"".
** Error: prueba.sv(12): (vlog-2110) Illegal reference to net ""io_on"".
** Error: prueba.sv(13): (vlog-2110) Illegal reference to net ""core_on"".
** Error: prueba.sv(13): (vlog-2110) Illegal reference to net ""io_on"".
** Error: prueba.sv(19): (vlog-2730) Undefined variable: 'rst_n'.
** Error: prueba.sv(19): (vlog-2730) Undefined variable: 'clk'.",172.1895854473114,2048,448
"module multi_case_7(input logic [1:0] level, output logic full, empty);
always_comb begin
  case(level)
    2'b00: begin empty=1; full=0; end
    2'b11: begin empty=0; full=1; end
    default: begin empty=0; full=0; end
  endcase
end
endmodule
","property p_empty_full;
@(posedge clk) disable iff(!rst_n) $onehot(level) |=> (empty == (level==0)) && (full == (level==3)); 
endproperty : p_empty_full","** Error: prueba.sv(9): (vlog-2730) Undefined variable: 'rst_n'.
** Error: prueba.sv(9): (vlog-2730) Undefined variable: 'clk'.",173.29472756385803,2048,467
"module multi_case_8(input logic [1:0] resp, output logic ok, retry, fail);
always_comb begin
  case(resp)
    2'b00: begin ok=1; retry=0; fail=0; end
    2'b01: begin ok=0; retry=1; fail=0; end
    2'b10: begin ok=0; retry=0; fail=1; end
    default: begin ok=0; retry=0; fail=0; end
  endcase
end
endmodule
","always_comb begin
  case(resp)
    2'b00: begin ok=1; retry=0; fail=0; end
    2'b01: begin ok=0; retry=1; fail=0; end
    2'b10: begin ok=0; retry=0; fail=1; end
    default: begin ok=0; retry=0; fail=0; end
  endcase
end","** Error: prueba.sv(10): (vlog-2110) Illegal reference to net ""ok"".
** Error: prueba.sv(10): (vlog-2110) Illegal reference to net ""retry"".
** Error: prueba.sv(10): (vlog-2110) Illegal reference to net ""fail"".
** Error: prueba.sv(11): (vlog-2110) Illegal reference to net ""ok"".
** Error: prueba.sv(11): (vlog-2110) Illegal reference to net ""retry"".
** Error: prueba.sv(11): (vlog-2110) Illegal reference to net ""fail"".
** Error: prueba.sv(12): (vlog-2110) Illegal reference to net ""ok"".
** Error: prueba.sv(12): (vlog-2110) Illegal reference to net ""retry"".
** Error: prueba.sv(12): (vlog-2110) Illegal reference to net ""fail"".
** Error: prueba.sv(13): (vlog-2110) Illegal reference to net ""ok"".
** Error: prueba.sv(13): (vlog-2110) Illegal reference to net ""retry"".
** Error: prueba.sv(13): (vlog-2110) Illegal reference to net ""fail"".",3438.416608572006,2048,20480
"module multi_case_9(input logic [1:0] st, output logic valid, dirty);
always_comb begin
  case(st)
    2'b00: begin valid=0; dirty=0; end
    2'b01: begin valid=1; dirty=0; end
    2'b10: begin valid=1; dirty=1; end
    default: begin valid=0; dirty=0; end
  endcase
end
endmodule
","always_comb begin
    if (st == 2'b00) begin
        assert(valid==0 && dirty==0); // assertion for case st = 0
    end else if (st == 2'b01) begin
        assert(valid==1 && dirty==0); // assertion for case st = 1
    end else if (st == 2'b10) begin
        assert(valid==1 && dirty==1); // assertion for case st = 2
    end
end",OK,148.60751676559448,2048,305
"module multi_case_10(input logic [1:0] g, output logic gnt0, gnt1);
always_comb begin
  case(g)
    2'b01: begin gnt0=1; gnt1=0; end
    2'b10: begin gnt0=0; gnt1=1; end
    default: begin gnt0=0; gnt1=0; end
  endcase
end
endmodule
","// Assertion directives
assert_gnt0_1 : assert property (g == 2'b01 |=> gnt0 == 1);
assert_gnt1_0 : assert property (g == 2'b01 |=> gnt1 == 0);
assert_gnt0_0 : assert property (g == 2'b10 |=> gnt0 == 0);
assert_gnt1_1 : assert property (g == 2'b10 |=> gnt1 == 1);
assert_gnt0_0_default : assert property (g != 2'b01 && g != 2'b10 |=> gnt0 == 0);
assert_gnt1_0_default : assert property (g != 2'b01 && g != 2'b10 |=> gnt1 == 0);","** Error (suppressible): prueba.sv(9): (vlog-1957) The sva directive is not sensitive to a clock. Unclocked directives are not supported.
** Error (suppressible): prueba.sv(10): (vlog-1957) The sva directive is not sensitive to a clock. Unclocked directives are not supported.
** Error (suppressible): prueba.sv(11): (vlog-1957) The sva directive is not sensitive to a clock. Unclocked directives are not supported.
** Error (suppressible): prueba.sv(12): (vlog-1957) The sva directive is not sensitive to a clock. Unclocked directives are not supported.
** Error (suppressible): prueba.sv(13): (vlog-1957) The sva directive is not sensitive to a clock. Unclocked directives are not supported.
** Error (suppressible): prueba.sv(14): (vlog-1957) The sva directive is not sensitive to a clock. Unclocked directives are not supported.",144.0926229953766,2048,291
"module slice_case_1(input logic [1:0] a, input logic b, output logic y);
always_comb begin
  case({a,b})
    3'b000: y = 0;
    3'b101: y = 1;
    default: y = 0;
  endcase
end
endmodule
",,OK,106.1043848991394,2048,37
"module slice_case_2(input logic [3:0] x, output logic y);
always_comb begin
  case({x[3:2],x[0]})
    3'b100: y = 1;
    3'b011: y = 0;
    default: y = 0;
  endcase
end
endmodule
",always_comb begin   if (x[3:2] == '0 && x[0] == 1'b1) assert(y == 1'b1);   else if (x[3:2] == 1'b0 && x[0] == 1'b1) assert(y == 1'b0);   else assert(y == 1'b0); end,OK,126.99540901184082,2048,202
"module slice_case_3(input logic [1:0] a,b, output logic y);
always_comb begin
  case({a[1],b})
    3'b101: y = 1;
    default: y = 0;
  endcase
end
endmodule
","always_comb begin
    if ({a[1],b} == 3'b101) assert(y == 1);
    else assert(y == 0); // Handles the default case
end",OK,121.08270311355592,2048,153
"module slice_case_4(input logic [2:0] op, input logic z, output logic go);
always_comb begin
  case({op[1:0],z})
    3'b001: go = 1;
    3'b111: go = 1;
    default: go = 0;
  endcase
end
endmodule
","always_comb begin : p_update_outputs
    // Default assignments
    go = 0;
    
    unique case ({op[1:0],z})
        3'b111: go = 1;
        default: ;
    endcase
end","** Error: prueba.sv(10): (vlog-2110) Illegal reference to net ""go"".
** Error: prueba.sv(13): (vlog-2110) Illegal reference to net ""go"".",132.34846758842468,2048,189
"module slice_case_5(input logic [7:0] addr, output logic hit);
always_comb begin
  case({addr[7],addr[2:0]})
    4'b1001: hit = 1;
    4'b1010: hit = 1;
    default: hit = 0;
  endcase
end
endmodule
","always_comb begin
    if ({addr[7], addr[2:0]} == 4'b1001) assert(hit == 1); //Checks for value 4'b1001 and sets hit = 1.
    else if ({addr[7], addr[2:0]} == 4'b1010) assert(hit == 1); //Checks for value 4'b1010 and sets hit = 1.
    else                                             assert(hit == 0); //For all other values, sets hit = 0.
end",OK,148.71053743362427,2048,300
"module slice_case_6(input logic [3:0] ctrl, input logic en, output logic ok);
always_comb begin
  case({ctrl[3:2],en})
    3'b101: ok = 1;
    3'b011: ok = 1;
    default: ok = 0;
  endcase
end
endmodule
","always_comb begin : p1
if (ctrl[3:2] == 2'b10 && en) assert(ok); else assert(!ok);
end
always_comb begin : p2
if (!ctrl[3:2] && en) assert(ok); else assert(!ok);
end",OK,128.02075338363647,2048,203
"module slice_case_7(input logic [1:0] flags, input logic mode, output logic y);
always_comb begin
  case({flags,mode})
    3'b110: y = 1;
    3'b001: y = 1;
    default: y = 0;
  endcase
end
endmodule
","// This always_comb block implements the case statement logic and enforces assertions for each case.
always_comb begin
    // Enforce assertion on default value when flags = 3'b110, mode = 1'bx
    if (({flags,mode} == {3'b110,1'bx})) begin
        assert(y == 1);
    end else if (({flags,mode} == {3'b001,1'bx})) begin
        // Enforce assertion on default value when flags = 3'b001, mode = 1'bx
        assert(y == 1);
    end else begin
        // Enforce assertion on default value when flags != 3'b110, mode != 1'bx, and flags != 3'b001, mode != 1'bx
        assert(y == 0);
    end
end",OK,146.62785601615906,2048,304
"module slice_case_8(input logic [4:0] x, output logic y);
always_comb begin
  case({x[4],x[1:0]})
    3'b101: y = 1;
    3'b000: y = 0;
    default: y = 0;
  endcase
end
endmodule
","// 1. Cover y == 1 when x[4] == 1 && x[0] == x[1] == 1
property p_case_y1;
    @(posedge clk) disable iff (!rst_n) (x[4] == 1 && x[0] == x[1]) |=> y === 1;
endproperty
// Assertion Directive:
assert_p_case_y1: assert property (p_case_y1);

// 2. Cover y == 0 when x != 3'b101 && x != 3'b000
property p_case_y0;
    @(posedge clk) disable iff (!rst_n) ((x[4] == 1 && x[0] == ~x[1]) || (x[4:1] !== 2'b0)) |=> y === 0;
endproperty
// Assertion Directive:
assert_p_case_y0: assert property (p_case_y0);","** Error: prueba.sv(10): (vlog-2730) Undefined variable: 'rst_n'.
** Error: prueba.sv(10): (vlog-2730) Undefined variable: 'clk'.",165.56323313713074,2048,409
"module slice_case_9(input logic [2:0] bus, input logic err, output logic stop);
always_comb begin
  case({bus[2],err})
    2'b11: stop = 1;
    2'b01: stop = 0;
    default: stop = 0;
  endcase
end
endmodule
","always_comb begin
    if({bus[2], err} == 2'b11) assert(stop == 1);
    else if({bus[2], err} == 2'b01) assert(stop == 0);
    else if ({bus[2], err} == 2'd3 || {bus[2], err} == 2'd2) assert(stop == 0);
end",OK,129.90398716926575,2048,175
"module slice_case_10(input logic [3:0] mode, output logic y);
always_comb begin
  case({mode[3],mode[0]})
    2'b10: y = 1;
    2'b01: y = 1;
    default: y = 0;
  endcase
end
endmodule
","// Input: Always_comb block with a case statement.
always_comb begin
  case({mode[3], mode[0]})
    2'b10: y = 1;
    2'b01: y = 1;
    default: y = 0;
  endcase
end
// Output: Assertion properties and assert directives.","** Error: prueba.sv(11): (vlog-2110) Illegal reference to net ""y"".
** Error: prueba.sv(12): (vlog-2110) Illegal reference to net ""y"".
** Error: prueba.sv(13): (vlog-2110) Illegal reference to net ""y"".",119.86942791938782,2048,136
"module proto_case_1(input logic clk, rst, req, output logic gnt);
always_ff @(posedge clk or posedge rst) begin
  if (rst) gnt <= 0;
  else begin
    case(gnt)
      1'b0: if (req) gnt <= 1;
      1'b1: gnt <= 0;
    endcase
  end
end
endmodule
","// FSM properties
property p_reset_state;
@(posedge clk) disable iff (rst)
(gnt == '0);
endproperty

property p_update_state;
@(posedge clk) disable iff (rst) 
((req && gnt=='b1) || (!req && !gnt)) |-> (gnt==$past(gnt));
endproperty

// FSM assertions
a_reset_state: assert property (p_reset_state);
a_update_state: assert property (p_update_state);

// Validate reset state
always @(posedge clk or posedge rst) begin
    if (rst) 
        assert (gnt == '0);
end",OK,175.63617968559265,2048,461
"module proto_case_2(input logic clk, rst, valid, output logic ready);
always_ff @(posedge clk or posedge rst) begin
  if (rst) ready <= 1;
  else begin
    case(ready)
      1'b1: if (valid) ready <= 0;
      1'b0: ready <= 1;
    endcase
  end
end
endmodule
","property p_reset_check;
    @(posedge clk) disable iff (rst) (ready == 0);
endproperty : p_reset_check;

assert property (p_reset_check) else $error(""[ERROR] Ready must be initialized to 1 after reset"");",OK,313.9140720367432,2048,1321
"module proto_case_3(input logic clk, rst, send, ack, output logic busy);
always_ff @(posedge clk or posedge rst) begin
  if (rst) busy <= 0;
  else begin
    case(busy)
      1'b0: if (send) busy <= 1;
      1'b1: if (ack) busy <= 0;
    endcase
  end
end
endmodule
","always @(posedge clk or posedge rst) begin : busy_state
    if (rst) begin // Reset check
        assert property (@(posedge clk) disable iff (rst) (1'b1 |=> busy == 0));
    end else begin // Other branches
        assert property (@(posedge clk) disable iff (!send && !ack) ((busy == 1'b0 && send) |-> busy == 1'b1)); // Send condition
        assert property (@(posedge clk) disable iff (!send && !ack) (ack |=> busy == 0)); // Ack condition
    end
end",OK,155.2014226913452,2048,368
"module proto_case_4(input logic clk, rst, give, take, output logic [1:0] credit);
always_ff @(posedge clk or posedge rst) begin
  if (rst) credit <= 2;
  else begin
    case({give,take})
      2'b10: credit <= credit + 1;
      2'b01: credit <= credit - 1;
      default: credit <= credit;
    endcase
  end
end
endmodule
","always_comb begin : assertions
            if (give) begin
                assert(credit == $past(credit + 1));
            end else if (!take) begin
                assert(credit == $past(credit));
            end
            // If take is high, credit does not need to be checked since it's undefined.
        end","** Error: prueba.sv(10): (vlog-13452) Could not determine the clocking event for '$past'.
** Error: prueba.sv(12): (vlog-13452) Could not determine the clocking event for '$past'.",133.21923565864563,2048,221
"module proto_case_5(input logic clk, rst, sop, eop, output logic in_pkt);
always_ff @(posedge clk or posedge rst) begin
  if (rst) in_pkt <= 0;
  else begin
    case(in_pkt)
      1'b0: if (sop) in_pkt <= 1;
      1'b1: if (eop) in_pkt <= 0;
    endcase
  end
end
endmodule
","always_comb begin
  case(in_pkt)
    1'b0: assert(sop |-> in_pkt == 1);
    1'b1: assert(eop |-> in_pkt == 0);
    default: assert(1); // Ensures all cases are covered
  endcase
end","** Error: (vlog-13069) prueba.sv(10): near ""|->"": syntax error, unexpected |-> .
** Error: (vlog-13069) prueba.sv(11): near ""|->"": syntax error, unexpected |-> .",137.9751079082489,2048,253
"module proto_case_6(input logic clk, rst, fail, output logic retry);
always_ff @(posedge clk or posedge rst) begin
  if (rst) retry <= 0;
  else begin
    case(retry)
      1'b0: if (fail) retry <= 1;
      1'b1: retry <= 0;
    endcase
  end
end
endmodule
",,OK,100.7075493335724,2048,25
"module proto_case_7(input logic clk, rst, lock_req, unlock, output logic locked);
always_ff @(posedge clk or posedge rst) begin
  if (rst) locked <= 0;
  else begin
    case(locked)
      1'b0: if (lock_req) locked <= 1;
      1'b1: if (unlock) locked <= 0;
    endcase
  end
end
endmodule
","always_comb begin : assertions_1493072638576
    if (rst)  // 1. Reset Check: locked must be low after reset
        assert(locked == '0);
    else begin
        case(locked)
            1'b0: if (lock_req) begin   // 2. Functional Sequence: locked to 1'b1
                assert(locked == 1'b1);
            end
            1'b1: if (unlock) begin     // 3. Functional Sequence: locked to 1'b0
                assert(locked == '0);
            end
        endcase
    end
end : assertions_1493072638576",OK,155.7606749534607,2048,361
"module proto_case_8(input logic clk, rst, start, finish, output logic busy);
always_ff @(posedge clk or posedge rst) begin
  if (rst) busy <= 0;
  else begin
    case(busy)
      1'b0: if (start) busy <= 1;
      1'b1: if (finish) busy <= 0;
    endcase
  end
end
endmodule
",,OK,115.35720872879028,2048,105
"module proto_case_9(input logic clk, rst, go, done, output logic active);
always_ff @(posedge clk or posedge rst) begin
  if (rst) active <= 0;
  else begin
    case(active)
      1'b0: if (go) active <= 1;
      1'b1: if (done) active <= 0;
    endcase
  end
end
endmodule
",,OK,132.74991869926453,2048,224
"module router_fsm (
    input  logic clk,
    input  logic rst_n,
    input  logic [3:0] req,
    output logic [1:0] selected,
    output logic grant
);
    typedef enum logic [1:0] {IDLE, LOOKUP, FORWARD, DROP} state_t;
    state_t state;

    always_ff @(posedge clk or negedge rst_n) begin
        if (!rst_n) begin
            state <= IDLE;
            selected <= 2'b00;
            grant <= 1'b0;
        end else begin
            case (state)
                IDLE: begin
                    grant <= 1'b0;
                    if (req != 4'b0000)
                        state <= LOOKUP;
                end

                LOOKUP: begin
                    casez (req)
                        4'b1???: selected <= 2'd3;
                        4'b01??: selected <= 2'd2;
                        4'b001?: selected <= 2'd1;
                        4'b0001: selected <= 2'd0;
                        default: selected <= 2'd0;
                    endcase
                    state <= (req == 4'b0000) ? IDLE : FORWARD;
                end

                FORWARD: begin
                    grant <= 1'b1;
                    if (req[selected] == 1'b0)
                        state <= IDLE;
                end

                DROP: state <= IDLE;
            endcase
        end
    end
endmodule
","always_comb begin
    if (sel == 2'd0) assert(y == a);
    else if (sel == 2'd1) assert(y == b);
    else if (sel == 2'd2) assert(y == c);
    else if (sel == 2'd3) assert(y == '0); // Validates the y = '0 initialization
end",** Error: prueba.sv(14): (vlog-2730) Undefined variable: 'sel'.,154.31882619857788,2048,332
"module instr_decoder (
    input  logic [31:0] instr,
    output logic [3:0] alu_op,
    output logic writeback,
    output logic [2:0] opcode
);
    typedef enum logic [2:0] {ALU, LOAD, STORE, BRANCH, SYS} op_t;
    always_comb begin
        writeback = 0;
        alu_op = 0;
        opcode = instr[31:29];

        unique case (opcode)
            ALU: begin
                writeback = 1;
                case (instr[28:25])
                    4'h0: alu_op = 4'h1; // ADD
                    4'h1: alu_op = 4'h2; // SUB
                    4'h2: alu_op = 4'h3; // AND
                    default: alu_op = 4'hF; // illegal
                endcase
            end

            LOAD:  writeback = 1;
            STORE: writeback = 0;
            BRANCH: writeback = 0;
            SYS: writeback = 0;
        endcase
    end
endmodule
","property opcode_alu; 
        @(posedge clk) disable iff (!rstn) (opcode == ALU && writeback == 1); 
    endproperty
    
    assert property (opcode_alu);","** Error: prueba.sv(12): (vlog-2730) Undefined variable: 'rstn'.
** Error: prueba.sv(12): (vlog-2730) Undefined variable: 'clk'.",248.5092158317566,2048,904
"module phy_link (
    input logic clk,
    input logic [3:0] mode,
    output logic [1:0] speed,
    output logic training
);
    always_ff @(posedge clk) begin
        casez (mode)
            4'b1???: speed <= 2'b11;   // Gen3
            4'b01??: speed <= 2'b10;   // Gen2
            4'b001?: speed <= 2'b01;   // Gen1
            4'b0001: speed <= 2'b00;   // Safe
        endcase
    end

    always_ff @(posedge clk)
        training <= (speed != 2'b00);
endmodule
",,"** Error: prueba.sv(8): (vlog-2110) Illegal reference to net ""training"".",135.42767572402954,2048,239
"module mem_ctrl (
    input logic clk,
    input logic [1:0] cmd,
    input logic [1:0] burst,
    output logic ack,
    output logic err
);
    always_ff @(posedge clk) begin
        ack <= 0;
        err <= 0;
        case (cmd)
            2'b00: begin // READ
                case (burst)
                    2'b00, 2'b01: ack <= 1;
                    default: err <= 1;
                endcase
            end

            2'b01: begin // WRITE
                case (burst)
                    2'b00, 2'b10: ack <= 1;
                    default: err <= 1;
                endcase
            end

            default: err <= 1;
        endcase
    end
endmodule
","// FSM State Change Properties
property p_idle_to_run;
    @(posedge clk) disable iff (!rst_n)
        (state == IDLE && start) |=> (state == RUN);
endproperty

property p_run_to_done;
    @(posedge clk) disable iff (!rst_n)
        (state == RUN && done) |=> (state == DONE);
endproperty

// FSM Functional Sequences Properties
property p_trans_idle_run;
    @(posedge clk) disable iff (!rst_n)
        (state == IDLE && start) |-> (next_state == RUN);
endproperty

property p_trans_run_done;
    @(posedge clk) disable iff (!rst_n)
        (state == RUN && done) |-> (next_state == DONE);
endproperty","** Error: prueba.sv(15): (vlog-2730) Undefined variable: 'RUN'.
** Error: prueba.sv(15): (vlog-2730) Undefined variable: 'start'.
** Error: prueba.sv(15): (vlog-2730) Undefined variable: 'IDLE'.
** Error: prueba.sv(15): (vlog-2730) Undefined variable: 'state'.
** Error: prueba.sv(14): (vlog-2730) Undefined variable: 'rst_n'.",200.42721390724185,2048,633
"module dma_engine (
    input logic clk,
    input logic [1:0] size,
    output logic busy,
    output logic done
);
    typedef enum logic [1:0] {SMALL, MEDIUM, LARGE} size_t;

    always_ff @(posedge clk) begin
        case (size)
            SMALL: begin
                busy <= 1;
                done <= ##1 1;
            end

            MEDIUM: begin
                busy <= 1;
                done <= ##2 1;
            end

            LARGE: begin
                busy <= 1;
                done <= ##4 1;
            end
        endcase
    end
endmodule
",,OK,120.9612123966217,2048,142
"module instr_decoder (
    input  logic [31:0] instr,
    output logic        is_branch,
    output logic        is_load,
    output logic        is_store,
    output logic        illegal
);

    logic [6:0] opcode;
    logic [2:0] funct3;
    logic [6:0] funct7;

    assign opcode = instr[6:0];
    assign funct3 = instr[14:12];
    assign funct7 = instr[31:25];

    always_comb begin
        is_branch = 1'b0;
        is_load   = 1'b0;
        is_store  = 1'b0;
        illegal   = 1'b0;

        unique case (opcode)
            7'b1100011: begin // BRANCH
                is_branch = 1'b1;
                unique case (funct3)
                    3'b000, // BEQ
                    3'b001, // BNE
                    3'b100, // BLT
                    3'b101, // BGE
                    3'b110, // BLTU
                    3'b111: ; // BGEU
                    default: illegal = 1'b1;
                endcase
            end

            7'b0000011: begin // LOAD
                is_load = 1'b1;
                unique case (funct3)
                    3'b000, // LB
                    3'b001, // LH
                    3'b010, // LW
                    3'b100, // LBU
                    3'b101: ; // LHU
                    default: illegal = 1'b1;
                endcase
            end

            7'b0100011: begin // STORE
                is_store = 1'b1;
                unique case (funct3)
                    3'b000, // SB
                    3'b001, // SH
                    3'b010: ; // SW
                    default: illegal = 1'b1;
                endcase
            end

            default: illegal = 1'b1;
        endcase
    end

endmodule
",,OK,190.78836059570312,2048,557
"module axi_read_fsm (
    input  logic        clk,
    input  logic        rst_n,
    input  logic        arvalid,
    input  logic        rready,
    input  logic        rlast,
    output logic        arready,
    output logic        rvalid
);

    typedef enum logic [2:0] {
        IDLE,
        ADDR_ACCEPT,
        DATA_WAIT,
        DATA_LAST,
        ERROR
    } state_t;

    state_t state, next_state;

    always_ff @(posedge clk or negedge rst_n) begin
        if (!rst_n)
            state <= IDLE;
        else
            state <= next_state;
    end

    always_comb begin
        arready   = 1'b0;
        rvalid    = 1'b0;
        next_state = state;

        priority case (state)
            IDLE: begin
                if (arvalid) begin
                    arready   = 1'b1;
                    next_state = ADDR_ACCEPT;
                end
            end

            ADDR_ACCEPT: begin
                next_state = DATA_WAIT;
            end

            DATA_WAIT: begin
                rvalid = 1'b1;
                if (rready && rlast)
                    next_state = DATA_LAST;
                else if (rready)
                    next_state = DATA_WAIT;
            end

            DATA_LAST: begin
                rvalid = 1'b1;
                if (rready)
                    next_state = IDLE;
            end

            default: begin
                next_state = ERROR;
            end
        endcase
    end

endmodule
",,OK,416.51684403419495,2048,1943
"module packet_parser (
    input  logic [63:0] header,
    output logic        is_ipv4,
    output logic        is_ipv6,
    output logic        is_arp,
    output logic        unknown
);

    logic [15:0] ethertype;
    assign ethertype = header[15:0];

    always_comb begin
        is_ipv4  = 1'b0;
        is_ipv6  = 1'b0;
        is_arp   = 1'b0;
        unknown  = 1'b0;

        casez (ethertype)
            16'h0800: is_ipv4 = 1'b1; // IPv4
            16'h86DD: is_ipv6 = 1'b1; // IPv6
            16'h0806: is_arp  = 1'b1; // ARP

            16'h88??: begin
                // Vendor-specific or experimental
                unknown = 1'b1;
            end

            default: unknown = 1'b1;
        endcase
    end

endmodule
",,OK,134.00710558891296,2048,242
"module power_ctrl (
    input  logic [2:0] mode,
    output logic       clk_en,
    output logic       power_en,
    output logic       retention_en
);

    always_comb begin
        clk_en        = 1'b0;
        power_en      = 1'b0;
        retention_en  = 1'b0;

        unique case (mode)
            3'b000: begin // OFF
                power_en = 1'b0;
            end

            3'b001: begin // RETENTION
                power_en     = 1'b1;
                retention_en = 1'b1;
            end

            3'b010: begin // IDLE
                power_en = 1'b1;
                clk_en   = 1'b0;
            end

            3'b011: begin // ACTIVE
                power_en = 1'b1;
                clk_en   = 1'b1;
            end

            default: begin
                // Illegal mode ? safe shutdown
                power_en = 1'b0;
            end
        endcase
    end

endmodule
","always @(posedge clk) begin // Check on every rising clock edge
    assert property (mode == 3'b010 |-> clk_en == '0 && power_en == '1); // Check if the current state matches the expected values for each signal
end",** Error: prueba.sv(11): (vlog-2730) Undefined variable: 'clk'.,193.15080618858337,2048,578
"module scheduler_ctrl (
    input  logic [7:0] ctrl_word,
    output logic       high_prio,
    output logic       drop_pkt
);

    logic [3:0] class;
    logic [3:0] action;

    assign class  = ctrl_word[7:4];
    assign action = ctrl_word[3:0];

    always_comb begin
        high_prio = 1'b0;
        drop_pkt  = 1'b0;

        unique case (class)
            4'h0, 4'h1: begin
                case (action)
                    4'h0: high_prio = 1'b0;
                    4'h1: high_prio = 1'b1;
                    4'hF: drop_pkt  = 1'b1;
                    default: ;
                endcase
            end

            4'hA, 4'hB: begin
                casez (action)
                    4'b1???: high_prio = 1'b1;
                    4'b0???: drop_pkt  = 1'b1;
                    default: ;
                endcase
            end

            default: drop_pkt = 1'b1;
        endcase
    end

endmodule
","always_comb begin
    high_prio = 1'b0;
    drop_pkt = 1'b0;
    unique case (class)","** Error: (vlog-13069) prueba.sv(6): near ""class"": syntax error, unexpected class, expecting IDENTIFIER or TYPE_IDENTIFIER or NETTYPE_IDENTIFIER or '='.
** Error: (vlog-13069) prueba.sv(8): near ""class"": syntax error, unexpected class.
** Error: (vlog-13069) prueba.sv(16): near ""class"": syntax error, unexpected class.",325.37093234062195,2048,1395
"module dma_channel_arbiter (
    input  logic [3:0] ch_req,
    output logic [1:0] grant,
    output logic       grant_valid
);

    always_comb begin
        grant       = 2'd0;
        grant_valid = 1'b0;

        priority case (1'b1)
            ch_req[0]: begin
                grant       = 2'd0;
                grant_valid = 1'b1;
            end
            ch_req[1]: begin
                grant       = 2'd1;
                grant_valid = 1'b1;
            end
            ch_req[2]: begin
                grant       = 2'd2;
                grant_valid = 1'b1;
            end
            ch_req[3]: begin
                grant       = 2'd3;
                grant_valid = 1'b1;
            end
            default: begin
                grant_valid = 1'b0;
            end
        endcase
    end

endmodule
","assert property (grant_valid == 2'd0) else $error(""Priority encoder must assign a grant when valid"");",** Error (suppressible): prueba.sv(10): (vlog-1957) The sva directive is not sensitive to a clock. Unclocked directives are not supported.,108.36787724494934,2048,56
"module coherence_cmd_decode (
    input  logic [4:0] cmd,
    output logic       req_shared,
    output logic       req_exclusive,
    output logic       invalidate,
    output logic       illegal
);

    always_comb begin
        req_shared    = 1'b0;
        req_exclusive = 1'b0;
        invalidate    = 1'b0;
        illegal       = 1'b0;

        unique case (cmd)
            5'h00: req_shared    = 1'b1; // ReadShared
            5'h01: req_exclusive = 1'b1; // ReadExclusive
            5'h02: invalidate    = 1'b1; // Invalidate
            5'h03: begin                  // Upgrade
                req_exclusive = 1'b1;
                invalidate    = 1'b1;
            end
            5'h10, 5'h11: begin            // Probe responses
                // No action, metadata only
            end
            default: illegal = 1'b1;
        endcase
    end

endmodule
","// Properties
property p_req_shared;
    @(posedge clk) disable iff (!rst_n) (cmd == 5'h00) |=> req_shared;
endproperty
property p_req_exclusive;
    @(posedge clk) disable iff (!rst_n) ((cmd == 5'h01) || (cmd == 5'h03)) |=> req_exclusive;
endproperty
// ... more properties for each branch

// Assertion directives
a_req_shared: assert property(p_req_shared);
a_req_exclusive: assert property(p_req_exclusive);
// ... more assertion directives for each property","** Error: prueba.sv(14): (vlog-2730) Undefined variable: 'rst_n'.
** Error: prueba.sv(14): (vlog-2730) Undefined variable: 'clk'.",236.73338842391968,2048,859
"module pcie_tlp_decoder (
    input  logic [7:0] tlp_type,
    output logic       is_mem,
    output logic       is_cfg,
    output logic       is_msg,
    output logic       unsupported
);

    always_comb begin
        is_mem      = 1'b0;
        is_cfg      = 1'b0;
        is_msg      = 1'b0;
        unsupported = 1'b0;

        casez (tlp_type)
            8'b0000_000?: is_mem = 1'b1; // MemRd/MemWr
            8'b0000_10??: is_cfg = 1'b1; // CfgRd/CfgWr
            8'b0011_0???: is_msg = 1'b1; // Messages
            default: unsupported = 1'b1;
        endcase
    end

endmodule
","always_comb begin
// Assertion Directives
assert_mem:   assert property (is_mem == $past(tlp_type[5:0] inside {8'b0000_000?}));
assert_cfg:   assert property (is_cfg == $past(tlp_type[5:0] inside {8'b0000_10??}));
assert_msg:   assert property (is_msg == $past(tlp_type[5:0] inside {8'b0011_0???}));
assert_unsup: assert property (!$rose(unsupported));
end","** Error: prueba.sv(14): (vlog-13452) Could not determine the clocking event for '$past'.
** Error (suppressible): prueba.sv(14): (vlog-1957) The sva directive is not sensitive to a clock. Unclocked directives are not supported.
** Error: prueba.sv(15): (vlog-13452) Could not determine the clocking event for '$past'.
** Error (suppressible): prueba.sv(15): (vlog-1957) The sva directive is not sensitive to a clock. Unclocked directives are not supported.
** Error: prueba.sv(16): (vlog-13452) Could not determine the clocking event for '$past'.
** Error (suppressible): prueba.sv(16): (vlog-1957) The sva directive is not sensitive to a clock. Unclocked directives are not supported.
** Error: prueba.sv(17): (vlog-13452) Could not determine the clocking event for '$rose'.
** Error (suppressible): prueba.sv(17): (vlog-1957) The sva directive is not sensitive to a clock. Unclocked directives are not supported.",129.19604086875916,2048,180
"module cdc_ctrl_fsm (
    input  logic clk,
    input  logic rst_n,
    input  logic req,
    input  logic ack,
    output logic req_sync
);

    typedef enum logic [1:0] {
        CDC_IDLE,
        CDC_REQ,
        CDC_WAIT_ACK,
        CDC_DONE
    } cdc_state_t;

    cdc_state_t state, next_state;

    always_ff @(posedge clk or negedge rst_n) begin
        if (!rst_n)
            state <= CDC_IDLE;
        else
            state <= next_state;
    end

    always_comb begin
        req_sync  = 1'b0;
        next_state = state;

        unique case (state)
            CDC_IDLE: begin
                if (req)
                    next_state = CDC_REQ;
            end

            CDC_REQ: begin
                req_sync = 1'b1;
                next_state = CDC_WAIT_ACK;
            end

            CDC_WAIT_ACK: begin
                req_sync = 1'b1;
                if (ack)
                    next_state = CDC_DONE;
            end

            CDC_DONE: begin
                if (!req)
                    next_state = CDC_IDLE;
            end

            default: next_state = CDC_IDLE;
        endcase
    end

endmodule
","always_ff @(posedge clk or negedge rst_n) begin 
            if (!rst_n) state <= CDC_IDLE; 
            else state <= next_state; 
        end 
        
        always_comb begin 
                req_sync = 1'b0; 
                next_state = state; 
                    unique case (state) 
                        CDC_IDLE: begin 
                            if (req) next_state = CDC_REQ; 
                        end 
                        CDC_REQ: begin 
                            req_sync = 1'b1; 
                            next_state = CDC_WAIT_ACK; 
                        end 
                        CDC_WAIT_ACK: begin 
                            req_sync = 1'b1; 
                            if (ack) next_state = CDC_DONE; 
                        end 
                        CDC_DONE: begin 
                            if (!req) next_state = CDC_IDLE; 
                        end 
                    default: next_state = CDC_IDLE; 
                endcase 
            end","** Error: prueba.sv(24): (vlog-2110) Illegal reference to net ""req_sync"".
** Error: prueba.sv(31): (vlog-2110) Illegal reference to net ""req_sync"".
** Error: prueba.sv(35): (vlog-2110) Illegal reference to net ""req_sync"".
** Error: prueba.sv(31): (vlog-2110) Illegal reference to net ""req_sync"".
** Error: prueba.sv(35): (vlog-2110) Illegal reference to net ""req_sync"".",229.2003355026245,2048,814
"module irq_priority_resolver (
    input  logic [7:0] irq_pending,
    input  logic [7:0] irq_enable,
    output logic [2:0] irq_id,
    output logic       irq_valid
);

    logic [7:0] active_irq;
    assign active_irq = irq_pending & irq_enable;

    always_comb begin
        irq_id    = 3'd0;
        irq_valid = 1'b0;

        priority case (1'b1)
            active_irq[7]: begin irq_id = 3'd7; irq_valid = 1'b1; end
            active_irq[6]: begin irq_id = 3'd6; irq_valid = 1'b1; end
            active_irq[5]: begin irq_id = 3'd5; irq_valid = 1'b1; end
            active_irq[4]: begin irq_id = 3'd4; irq_valid = 1'b1; end
            active_irq[3]: begin irq_id = 3'd3; irq_valid = 1'b1; end
            active_irq[2]: begin irq_id = 3'd2; irq_valid = 1'b1; end
            active_irq[1]: begin irq_id = 3'd1; irq_valid = 1'b1; end
            active_irq[0]: begin irq_id = 3'd0; irq_valid = 1'b1; end
            default: irq_valid = 1'b0;
        endcase
    end

endmodule
","always_comb begin 
        if (active_irq[7]) assert(irq_id == 'd7); // Prioritize active interrupts, highest bit first
        else if (active_irq[6]) assert(irq_id == 'd6);
        else if (active_irq[5]) assert(irq_id == 'd5);
        else if (active_irq[4]) assert(irq_id == 'd4);
        else if (active_irq[3]) assert(irq_id == 'd3);
        else if (active_irq[2]) assert(irq_id == 'd2);
        else if (active_irq[1]) assert(irq_id == 'd1);
        else if (active_irq[0]) assert(irq_id == 'd0);
        
        // Ensure irq_valid is correctly assigned when an interrupt is active, and otherwise cleared to 0
        if (|active_irq) assert(irq_valid == 1'b1);
        else                assert(irq_valid == 1'b0);
    end",OK,165.3183023929596,2048,414
"module mem_burst_ctrl (
    input  logic [1:0] burst_type,
    output logic [3:0] burst_len,
    output logic       burst_wrap
);

    always_comb begin
        burst_len  = 4'd0;
        burst_wrap = 1'b0;

        unique case (burst_type)
            2'b00: burst_len = 4'd1;   // Fixed
            2'b01: burst_len = 4'd4;   // INCR4
            2'b10: burst_len = 4'd8;   // INCR8
            2'b11: begin               // WRAP
                burst_len  = 4'd4;
                burst_wrap = 1'b1;
            end
            default: ;
        endcase
    end

endmodule
","// 1. Burst Length Assertion: burst_len must follow case statement logic
always_comb begin
    // Default Value
    assert (burst_len == 4'd0);
    unique case (burst_type)
        2'b00: assert(burst_len == 4'd1);
        2'b01: assert(burst_len == 4'd4);
        2'b10: assert(burst_len == 4'd8);
        2'b11: begin
            // Wrap bursts always have a burst length of 4
            assert (burst_len == 4'd4);
        end
    endcase
end
    
// 2. Burst Wrap Assertion: burst_wrap must be set for wrap bursts only
always_comb begin
    // Default Value
    assert (!burst_wrap);
    unique case (burst_type)
        2'b00: ;   // Non-Wrap burst
        2'b01: ;   // Incrementing burst
        2'b10: ;   // Fixed burst
        2'b11: assert(burst_wrap);    // Wrap bursts
        default: ;  // Ensures burst_type doesn't enter an undefined encoding
    endcase
end",OK,165.6107692718506,2048,410
"module gpu_exec_select (
    input  logic [15:0] opcode,
    output logic        use_alu,
    output logic        use_fpu,
    output logic        use_ldst,
    output logic        illegal
);

    always_comb begin
        use_alu  = 1'b0;
        use_fpu  = 1'b0;
        use_ldst = 1'b0;
        illegal  = 1'b0;

        casez (opcode)
            16'b0001_????_????_????: use_alu  = 1'b1;
            16'b0010_????_????_????: use_fpu  = 1'b1;
            16'b0100_????_????_????: use_ldst = 1'b1;
            default: illegal = 1'b1;
        endcase
    end

endmodule
","always_comb begin
    if (opcode == 16'b0001_????_????_????) assert(use_alu);
    else if (opcode == 16'b0010_????_????_????) assert(use_fpu);
    else if (opcode == 16'b0100_????_????_????) assert(use_ldst);
    else assert(illegal);
end",OK,124.27085590362547,2048,170
